CET,Temperatura maksymalnaC,Temperatura średniaC,Temperatura minimalnaC,Punkt rosyC,MeanDew PointC,Min DewpointC,Max Wilgotność, Mean Wilgotność, Min Wilgotność, Max Ciśnienie na poziomie morzahPa, Mean Ciśnienie na poziomie morzahPa, Min Ciśnienie na poziomie morzahPa, Max WidzialnośćKm, Mean WidzialnośćKm, Min WidzialnośćkM, Max Prędkość wiatruKm/h, Mean Prędkość wiatruKm/h, Max prędkość w porywieKm/h,Opadymm, CloudCover, Wydarzenia,WindDirDegrees
2014-1-1,3,1,-1,3,1,-2,100,92,80,1022,1019,1016,10,4,0,14,5,32,0.00,5,mgła-deszcz,172
2014-1-2,4,0,-4,1,-1,-4,100,86,70,1019,1013,1010,10,7,3,14,6,,0.00,5,,142
2014-1-3,8,3,-2,3,2,-2,100,85,61,1017,1015,1012,19,7,3,21,13,,0.00,6,mgła-deszcz,207
2014-1-4,8,3,-2,5,3,-2,100,85,67,1019,1015,1007,10,7,4,21,11,,1.02,7,deszcz,179
2014-1-5,11,8,5,8,7,4,100,91,77,1014,1007,1003,19,8,2,24,10,,2.03,6,mgła-deszcz,191
2014-1-6,8,4,1,6,3,0,100,92,75,1020,1017,1014,14,7,0,19,10,,0.00,6,mgła-deszcz,204
2014-1-7,9,4,-1,6,3,-1,98,86,66,1023,1019,1015,19,9,4,23,10,,0.00,,deszcz,211
2014-1-8,8,4,0,5,4,1,100,90,71,1023,1021,1018,14,7,0,29,13,,0.00,3,mgła-deszcz,207
2014-1-9,8,6,3,6,4,3,100,90,71,1023,1015,1007,10,5,0,29,13,,0.25,5,mgła-deszcz,212
2014-1-10,6,6,5,4,1,-2,90,71,46,1018,1011,1005,19,12,8,35,24,45,0.00,5,deszcz,238
2014-1-11,7,4,2,1,-1,-2,81,69,50,1019,1016,1011,19,13,8,26,18,,0.00,5,,224
2014-1-12,4,2,1,2,-1,-3,93,75,50,1020,1016,1010,19,12,2,42,27,63,0.00,5,deszcz-śnieg,263
2014-1-13,4,1,-2,-2,-3,-4,93,75,54,1020,1016,1013,19,11,5,32,18,,0.00,6,śnieg,216
2014-1-14,3,0,-4,3,-2,-5,100,82,54,1016,1010,1006,10,7,1,14,8,,0.76,6,deszcz,118
2014-1-15,3,2,0,4,1,-1,100,96,83,1015,1009,1005,8,4,1,26,10,,0.00,7,mgła-deszcz-śnieg,254
2014-1-16,6,3,0,1,0,-2,100,83,51,1015,1011,1007,19,7,2,14,5,,0.00,4,,127
2014-1-17,6,2,-1,4,2,-1,100,89,68,1010,1007,1006,10,6,2,16,5,,1.02,6,mgła-deszcz,196
2014-1-18,5,3,1,5,3,1,100,99,93,1014,1011,1008,5,2,0,21,8,,3.05,7,mgła-deszcz,94
2014-1-19,7,4,3,5,4,3,100,96,87,1010,1007,1006,10,6,2,26,18,,0.00,6,deszcz,92
2014-1-20,2,1,0,3,1,-1,100,99,93,1008,1005,1004,10,5,1,27,19,,5.08,7,deszcz,81
2014-1-21,-1,-2,-4,0,-2,-4,100,98,93,1013,1008,1005,10,5,2,16,10,,5.08,7,deszcz-śnieg,52
2014-1-22,-4,-6,-7,-3,-6,-8,100,94,85,1020,1015,1011,7,5,3,11,6,,0.25,7,śnieg,22
2014-1-23,-6,-7,-8,-6,-8,-9,100,91,80,1023,1020,1017,8,6,3,14,8,,0.00,7,śnieg,56
2014-1-24,-7,-11,-14,-8,-10,-15,100,90,78,1024,1019,1017,10,6,3,23,16,,0.00,7,śnieg,84
2014-1-25,-12,-13,-15,-13,-15,-17,92,85,69,1025,1021,1016,10,6,2,21,13,,0.51,6,śnieg,46
2014-1-26,-8,-11,-14,-11,-13,-16,100,85,63,1020,1013,1009,10,7,3,13,8,,0.00,6,śnieg,88
2014-1-27,-5,-9,-12,-6,-10,-14,95,88,71,1013,1006,1003,8,6,3,19,10,,0.00,6,śnieg,102
2014-1-28,-8,-9,-9,-8,-10,-12,93,88,70,1009,1006,1005,14,6,1,23,13,,0.25,6,śnieg,79
2014-1-29,-6,-8,-9,-8,-9,-11,93,86,75,1017,1010,1006,10,8,3,26,18,,0.00,6,śnieg,89
2014-1-30,-5,-7,-9,-7,-9,-11,93,86,73,1022,1019,1014,10,8,3,24,18,,0.00,7,śnieg,93
2014-1-31,3,-2,-8,-1,-5,-9,93,79,57,1022,1018,1016,14,9,7,29,18,,0.00,8,,104
2014-2-1,9,4,-1,1,-1,-3,87,70,45,1018,1014,1012,19,10,6,16,10,,0.00,8,deszcz,124
2014-2-2,5,3,1,3,1,-2,100,80,61,1023,1017,1013,14,8,2,14,6,,0.51,6,deszcz,160
2014-2-3,6,1,-4,0,-3,-6,100,78,41,1025,1022,1019,10,5,1,11,5,,0.00,,,114
2014-2-4,10,1,-7,-2,-7,-14,100,64,10,1022,1018,1016,19,6,2,11,5,,0.00,,mgła,134
2014-2-5,10,1,-7,0,-4,-9,93,59,33,1018,1011,1006,19,10,3,21,8,37,0.00,,,173
2014-2-6,6,2,-1,1,-1,-2,93,78,58,1014,1010,1006,19,9,3,26,13,,0.00,3,,214
2014-2-7,9,2,-4,2,0,-4,100,77,47,1013,1006,1002,19,8,1,29,8,,0.00,3,deszcz,174
2014-2-8,9,6,2,2,1,-2,93,73,37,1009,1005,999,19,10,4,21,13,,0.00,5,,187
2014-2-9,11,7,2,3,2,1,100,79,44,1004,1000,998,19,9,4,23,8,,0.76,6,deszcz,240
2014-2-10,7,3,0,2,1,-2,100,79,49,1008,1005,1002,19,8,2,21,11,,0.00,5,deszcz,192
2014-2-11,7,4,2,6,2,-2,95,81,47,1011,1005,1001,14,9,1,21,11,,2.03,6,deszcz,183
2014-2-12,2,0,-2,2,0,-2,100,99,92,1012,1009,1007,10,2,0,14,5,,10.92,7,mgła-deszcz-śnieg,290
2014-2-13,4,1,-2,2,-1,-2,100,91,61,1012,1006,1000,10,3,0,21,6,,0.00,6,mgła,142
2014-2-14,6,2,-2,3,1,-2,100,79,48,1016,1008,1000,19,10,2,34,11,,0.00,5,deszcz,237
2014-2-15,9,3,-2,-1,-2,-3,100,67,31,1016,1010,1007,19,10,3,21,8,,0.00,,,153
2014-2-16,7,2,-2,3,1,-2,87,71,57,1014,1011,1007,19,15,10,21,11,,0.00,6,deszcz,219
2014-2-17,9,3,-3,2,-1,-4,93,70,28,1021,1016,1012,19,11,6,24,13,,0.00,3,mgła,234
2014-2-18,9,2,-4,2,-2,-5,100,74,33,1024,1020,1015,19,7,2,14,3,,0.00,7,mgła,163
2014-2-19,8,3,-1,5,3,-1,100,88,69,1017,1013,1011,10,6,1,23,8,,1.02,5,deszcz,217
2014-2-20,10,6,1,4,2,-1,100,78,44,1017,1015,1014,19,7,3,40,10,,0.00,2,mgła,219
2014-2-21,9,3,-2,4,1,-2,96,77,53,1016,1012,1009,19,9,3,29,8,,0.00,5,,168
2014-2-22,7,4,2,5,3,1,100,85,64,1021,1015,1011,14,8,3,18,10,,0.51,6,deszcz,266
2014-2-23,9,2,-4,4,-1,-4,100,77,32,1028,1024,1019,19,7,0,16,3,,0.00,2,mgła,41
2014-2-24,6,1,-4,4,0,-4,100,88,64,1029,1025,1022,14,8,0,23,8,,0.00,6,mgła,91
2014-2-25,9,4,-2,4,0,-3,100,89,51,1024,1020,1018,14,4,0,19,10,,0.00,7,mgła,108
2014-2-26,11,4,-3,2,-1,-5,100,75,35,1023,1020,1019,19,8,3,16,6,,0.00,3,,119
2014-2-27,11,5,-1,4,2,-2,100,81,48,1022,1018,1014,14,6,2,11,5,,0.00,4,mgła,158
2014-2-28,12,5,-2,4,1,-2,100,74,30,1016,1010,1006,19,7,1,18,6,,0.25,4,mgła-deszcz,169
2014-3-1,12,5,-2,6,1,-2,100,74,33,1009,1006,1005,19,9,0,14,5,,0.00,1,mgła,145
2014-3-2,11,4,-3,2,-1,-4,100,78,31,1008,1006,1005,19,9,3,23,10,,0.00,7,mgła,92
2014-3-3,8,4,1,2,1,-1,100,78,56,1006,1002,1000,19,10,6,26,16,,0.00,5,,94
2014-3-4,6,3,1,3,2,1,100,84,66,1010,1004,1001,10,8,3,23,13,,0.00,7,deszcz,86
2014-3-5,7,4,2,2,1,0,93,77,54,1023,1015,1009,19,10,5,14,10,,0.00,6,,50
2014-3-6,7,4,2,2,1,-1,93,77,54,1031,1027,1021,14,9,4,16,8,,0.00,7,deszcz,19
2014-3-7,5,4,3,2,-1,-2,87,70,55,1031,1028,1027,14,10,7,21,10,,0.00,7,,62
2014-3-8,9,3,-3,4,1,-4,100,83,52,1038,1032,1027,10,6,1,16,6,,0.00,4,mgła,78
2014-3-9,12,3,-4,3,-3,-6,100,67,18,1038,1035,1033,19,7,2,24,6,,0.00,4,mgła,84
2014-3-10,14,6,-3,-1,-5,-14,88,50,12,1035,1029,1025,19,14,6,23,10,,0.00,,,90
2014-3-11,15,5,-5,-1,-6,-14,93,51,6,1032,1028,1025,19,9,6,16,5,,0.00,3,,30
2014-3-12,13,6,-2,2,-3,-8,100,58,13,1035,1033,1031,19,10,4,14,5,,0.00,1,mgła,20
2014-3-13,16,6,-4,1,-4,-8,93,55,10,1034,1029,1024,19,10,5,13,3,,0.00,,,238
2014-3-14,16,8,-1,-1,-3,-5,86,52,17,1027,1022,1015,14,8,3,21,5,,0.00,,,249
2014-3-15,9,6,2,5,1,-3,93,70,38,1016,1007,1003,19,10,4,47,19,77,7.11,6,deszcz-burza z wyładowaniami,249
2014-3-16,10,6,2,7,4,1,100,89,66,1009,1002,997,19,9,3,53,26,74,9.91,6,deszcz-śnieg,272
2014-3-17,12,9,6,7,6,3,100,74,54,1015,1010,1006,19,12,5,50,29,69,0.51,5,deszcz,267
2014-3-18,13,10,7,8,4,1,93,66,33,1017,1013,1010,19,11,4,29,18,,3.05,4,deszcz,246
2014-3-19,9,8,7,8,6,5,100,90,73,1021,1014,1008,19,8,3,34,18,47,5.08,6,deszcz,256
2014-3-20,17,11,6,6,3,-1,93,57,24,1023,1020,1018,19,14,8,34,18,,0.00,4,deszcz,232
2014-3-21,20,11,3,3,1,-2,76,40,16,1020,1014,1011,19,18,8,29,14,42,0.00,,,193
2014-3-22,20,12,5,5,3,0,87,46,19,1012,1008,1003,19,19,19,18,8,,0.00,,,182
2014-3-23,13,10,8,10,8,4,100,81,47,1005,1003,1001,19,10,3,19,10,,1.02,6,deszcz,155
2014-3-24,6,4,3,7,4,2,100,95,82,1007,1005,1002,14,6,0,23,13,,0.51,7,mgła-deszcz,256
2014-3-25,7,2,-2,3,1,-2,100,87,52,1014,1008,1005,19,10,3,26,14,,0.00,6,deszcz-grad,249
2014-3-26,11,3,-3,2,-1,-3,100,70,32,1021,1016,1012,19,10,3,19,8,,0.00,2,mgła,69
2014-3-27,12,5,-2,5,1,-3,100,72,33,1021,1017,1016,19,12,4,23,8,,0.00,3,mgła-deszcz,63
2014-3-28,13,9,6,7,6,5,100,82,49,1023,1019,1016,14,8,3,19,11,,0.00,6,deszcz,54
2014-3-29,17,9,1,7,1,-4,100,63,14,1026,1024,1022,19,6,0,16,6,,0.00,1,mgła,69
2014-3-30,18,8,-3,1,-3,-7,93,51,11,1024,1019,1015,19,14,10,13,5,,0.00,,,66
2014-3-31,17,8,-1,4,0,-3,93,59,19,1017,1012,1010,19,12,7,23,3,,0.00,8,,315
2014-4-1,14,8,1,3,1,-1,100,65,25,1016,1013,1011,14,8,1,19,6,,0.00,1,mgła,318
2014-4-2,13,7,-1,2,-2,-6,93,56,20,1017,1014,1011,19,15,10,16,11,,0.00,,mgła,93
2014-4-3,21,12,4,6,2,-4,76,47,19,1012,1007,1005,19,12,6,32,11,,0.00,3,,195
2014-4-4,17,12,8,7,4,0,93,60,34,1014,1010,1006,19,10,4,24,10,,0.00,1,deszcz,69
2014-4-5,12,9,6,2,-1,-2,61,48,30,1016,1015,1013,19,17,10,26,18,,0.00,7,deszcz,87
2014-4-6,15,10,6,9,3,-1,87,58,30,1019,1016,1014,19,12,10,26,11,48,0.00,4,deszcz,290
2014-4-7,19,10,0,8,4,-1,98,67,25,1021,1018,1016,19,11,3,21,5,,0.00,2,mgła,235
2014-4-8,21,13,6,12,7,3,96,66,29,1017,1013,1009,19,12,6,42,10,61,6.10,4,deszcz-burza z wyładowaniami,214
2014-4-9,9,7,5,10,3,-1,94,68,42,1019,1016,1013,19,13,6,35,18,,3.05,5,deszcz,273
2014-4-10,8,6,3,5,4,3,100,88,73,1021,1015,1012,19,10,3,24,13,,7.11,6,mgła-deszcz,280
2014-4-11,12,7,2,6,3,1,100,82,46,1022,1020,1018,19,8,0,16,5,,0.00,4,mgła-deszcz,111
2014-4-12,12,6,-1,4,2,-1,100,74,36,1021,1018,1016,19,9,2,19,5,,0.00,2,mgła,78
2014-4-13,13,6,-2,8,3,-2,100,76,42,1019,1014,1013,10,7,0,26,6,,0.00,6,mgła-deszcz,229
2014-4-14,11,7,3,7,4,2,100,80,41,1014,1008,1005,19,9,2,39,14,45,5.08,4,deszcz-grad-burza z wyładowaniami,240
2014-4-15,8,6,3,5,2,0,100,88,65,1019,1013,1008,19,11,3,29,18,34,5.08,6,deszcz-burza z wyładowaniami,273
2014-4-16,6,3,1,4,2,0,100,85,65,1029,1024,1018,19,10,4,23,13,,0.00,6,mgła-deszcz,340
2014-4-17,12,6,0,3,1,-2,100,69,31,1029,1023,1016,19,11,2,21,6,,0.00,3,mgła,54
2014-4-18,17,8,-2,10,2,-2,100,67,22,1016,1010,1008,19,11,3,14,5,,1.02,4,mgła-deszcz,213
2014-4-19,19,12,4,10,8,4,100,76,26,1014,1012,1011,19,10,1,42,14,64,0.00,3,mgła-deszcz,58
2014-4-20,16,12,8,8,7,4,100,71,34,1013,1012,1010,19,13,10,29,16,,0.00,3,deszcz-burza z wyładowaniami,74
2014-4-21,19,11,3,9,6,2,100,66,26,1012,1010,1009,19,14,5,19,8,,0.00,2,mgła-deszcz,112
2014-4-22,22,16,10,12,9,4,100,71,24,1016,1012,1010,19,12,2,29,6,,1.02,3,mgła-deszcz-burza z wyładowaniami,79
2014-4-23,18,13,9,14,12,9,100,87,52,1020,1018,1016,19,8,0,11,3,,0.51,2,mgła-deszcz-burza z wyładowaniami,335
2014-4-24,21,13,6,12,9,6,100,73,32,1020,1018,1016,19,9,0,27,8,,0.00,3,mgła,68
2014-4-25,17,14,11,12,10,6,94,74,53,1017,1015,1013,19,14,10,26,14,,0.00,6,deszcz,78
2014-4-26,17,14,12,13,12,11,100,88,64,1014,1012,1010,19,8,3,14,8,,12.95,6,mgła-deszcz-burza z wyładowaniami,167
2014-4-27,21,14,8,13,11,8,100,79,41,1011,1008,1006,19,11,3,24,8,,0.00,3,mgła-deszcz-burza z wyładowaniami,176
2014-4-28,18,13,9,14,11,7,100,88,59,1010,1008,1007,19,10,1,27,5,48,2.03,3,mgła-deszcz-grad-burza z wyładowaniami,56
2014-4-29,20,14,9,13,9,7,100,77,39,1011,1009,1007,19,8,0,19,6,,0.00,3,mgła-deszcz,8
2014-4-30,21,14,7,9,6,2,96,57,19,1010,1008,1007,19,16,10,14,5,,0.00,,mgła,2
2014-5-1,21,13,6,9,6,2,95,60,20,1011,1009,1008,19,16,8,14,5,,0.00,1,mgła,348
2014-5-2,18,12,7,11,8,4,94,75,48,1015,1012,1010,19,12,7,26,10,32,0.00,4,deszcz-burza z wyładowaniami,37
2014-5-3,7,6,4,5,4,3,100,86,64,1020,1016,1014,19,11,5,24,11,,0.51,6,deszcz,14
2014-5-4,14,8,3,3,1,-3,93,63,23,1020,1018,1016,19,15,8,26,11,40,0.00,5,deszcz,343
2014-5-5,12,6,-1,2,-1,-4,100,62,24,1021,1019,1018,19,14,8,13,6,,0.00,2,mgła,283
2014-5-6,18,9,-1,5,2,-2,100,63,22,1022,1018,1015,19,13,5,18,5,,0.00,8,mgła,162
2014-5-7,19,14,9,12,8,5,100,62,37,1016,1013,1011,19,14,5,26,10,,0.51,5,deszcz,208
2014-5-8,18,14,11,11,8,4,100,69,26,1016,1014,1012,19,10,2,21,10,,0.00,4,deszcz,233
2014-5-9,20,13,6,10,8,5,90,64,35,1016,1013,1012,19,17,10,24,10,40,0.00,4,mgła-deszcz,192
2014-5-10,17,13,9,11,6,3,88,61,29,1015,1013,1010,19,14,10,34,13,50,1.02,3,deszcz,251
2014-5-11,17,13,8,11,8,5,88,71,42,1014,1007,1006,19,13,6,29,13,,0.00,5,deszcz,204
2014-5-12,13,10,7,9,7,3,93,76,44,1011,1009,1006,19,13,10,34,13,48,3.05,3,deszcz-grad-burza z wyładowaniami,258
2014-5-13,15,10,5,8,6,3,95,70,42,1015,1012,1010,19,15,8,21,10,,2.03,4,deszcz,232
2014-5-14,11,9,7,9,7,5,100,87,67,1022,1018,1015,19,10,6,24,8,,7.11,6,deszcz,319
2014-5-15,14,11,7,9,7,5,100,83,44,1022,1019,1017,19,11,7,37,19,58,3.05,5,deszcz,349
2014-5-16,11,9,8,10,8,7,100,93,75,1017,1015,1014,19,8,1,35,19,53,6.10,7,deszcz,6
2014-5-17,12,10,8,11,10,8,100,96,87,1016,1013,1012,10,6,0,16,10,,5.08,6,mgła-deszcz,316
2014-5-18,16,12,7,10,9,7,100,78,49,1017,1014,1012,19,8,0,19,6,,0.00,5,mgła-deszcz,193
2014-5-19,23,14,7,12,9,6,100,66,31,1017,1015,1014,19,17,10,18,8,,0.00,1,mgła,141
2014-5-20,24,16,8,13,9,6,100,60,22,1018,1017,1015,19,16,10,21,6,,0.00,3,mgła-deszcz-burza z wyładowaniami,155
2014-5-21,25,18,11,13,11,6,94,56,26,1020,1019,1017,19,16,10,16,6,,0.00,1,,132
2014-5-22,27,19,11,13,11,5,94,52,22,1019,1016,1013,19,19,19,21,10,37,0.00,,,124
2014-5-23,29,21,12,14,11,8,89,49,22,1015,1013,1010,19,19,14,23,10,,0.00,,,125
2014-5-24,28,21,13,16,13,8,94,65,22,1017,1013,1011,19,15,8,27,8,,0.25,4,deszcz-burza z wyładowaniami,127
2014-5-25,24,18,13,14,13,11,100,74,34,1021,1019,1017,19,13,8,14,8,,0.00,3,mgła-deszcz,301
2014-5-26,24,17,11,17,14,10,100,80,43,1020,1016,1012,19,9,0,19,6,,0.25,4,mgła-deszcz-burza z wyładowaniami,31
2014-5-27,24,18,13,17,15,12,100,83,45,1013,1009,1006,19,11,3,29,6,52,0.51,3,mgła-deszcz-burza z wyładowaniami,80
2014-5-28,22,17,12,16,14,11,100,83,43,1008,1007,1006,19,10,0,18,6,,0.51,3,mgła-deszcz-burza z wyładowaniami,218
2014-5-29,11,9,8,14,9,7,100,94,85,1016,1011,1007,14,8,2,19,8,,7.87,7,deszcz,337
2014-5-30,12,9,7,9,7,6,100,85,57,1019,1017,1015,19,12,4,14,6,,0.00,6,mgła-deszcz,332
2014-5-31,19,11,3,10,7,3,100,69,28,1020,1017,1015,19,12,3,24,6,37,0.00,2,mgła-deszcz,320
2014-6-1,19,16,12,10,8,5,94,62,32,1016,1016,1015,19,15,10,29,11,,0.00,3,deszcz,327
2014-6-2,14,12,10,10,9,7,100,82,53,1016,1015,1015,19,11,3,24,11,,0.51,6,deszcz,290
2014-6-3,13,11,9,11,10,9,100,94,78,1016,1015,1014,19,8,2,16,11,,0.76,6,deszcz,245
2014-6-4,19,13,7,12,10,7,100,78,46,1016,1013,1011,19,9,0,13,5,,0.00,4,mgła,175
2014-6-5,23,16,8,16,12,7,100,79,36,1017,1014,1011,19,12,3,21,6,,2.03,4,mgła-deszcz-burza z wyładowaniami,149
2014-6-6,22,17,12,15,12,5,100,73,21,1021,1020,1018,19,13,8,16,6,26,0.00,3,deszcz,301
2014-6-7,25,17,8,15,11,7,100,67,22,1022,1020,1019,19,12,1,11,5,,0.00,2,mgła,101
2014-6-8,29,19,10,17,12,9,100,60,20,1022,1021,1020,19,14,8,13,5,,0.00,,mgła,131
2014-6-9,32,22,13,18,13,5,96,55,13,1022,1021,1017,19,16,10,14,5,,0.00,,mgła,199
2014-6-10,31,22,14,19,16,14,94,65,26,1021,1020,1018,19,15,7,23,5,,0.00,2,mgła-deszcz-burza z wyładowaniami,42
2014-6-11,28,22,15,18,13,8,100,58,21,1022,1021,1019,19,16,10,19,5,,0.00,,mgła,26
2014-6-12,24,19,13,17,13,10,100,71,34,1022,1021,1019,19,13,4,24,8,,0.00,6,deszcz,307
2014-6-13,21,16,11,10,9,7,94,66,33,1020,1016,1013,19,14,10,35,10,,0.00,3,deszcz,279
2014-6-14,17,12,8,12,10,7,100,80,51,1016,1013,1012,19,12,6,26,13,,21.08,4,deszcz-grad-burza z wyładowaniami,289
2014-6-15,16,12,9,11,9,7,100,82,46,1021,1019,1016,19,12,5,16,8,,0.00,6,mgła,296
2014-6-16,20,12,4,11,7,3,100,64,26,1021,1018,1015,19,13,2,14,5,,0.00,3,mgła,295
2014-6-17,21,13,5,10,7,4,96,63,24,1019,1017,1016,19,16,6,21,5,,0.00,,mgła-deszcz,340
2014-6-18,22,15,8,12,7,3,97,59,20,1019,1017,1016,19,15,10,21,5,48,0.00,1,mgła,335
2014-6-19,23,14,6,12,8,4,93,59,25,1018,1013,1009,19,16,10,24,6,39,0.00,1,mgła-deszcz,270
2014-6-20,17,14,12,11,9,6,88,70,39,1013,1011,1010,19,14,10,26,13,,1.02,3,deszcz,266
2014-6-21,18,13,9,11,8,4,95,71,31,1015,1014,1013,19,13,2,34,11,,0.51,4,deszcz,255
2014-6-22,18,14,11,11,8,7,94,66,37,1019,1016,1014,19,13,6,35,16,55,0.00,3,deszcz,251
2014-6-23,21,13,7,10,7,3,100,59,23,1020,1018,1016,19,14,10,27,11,,0.00,2,mgła-deszcz,271
2014-6-24,20,13,7,10,7,4,95,61,27,1018,1015,1014,19,17,10,23,5,,0.00,2,,300
2014-6-25,18,13,8,12,10,7,100,81,41,1014,1011,1009,19,13,6,19,6,,0.51,6,mgła-deszcz-burza z wyładowaniami,37
2014-6-26,17,13,9,11,9,8,100,80,46,1017,1013,1008,19,11,3,29,13,,0.00,5,mgła-deszcz,342
2014-6-27,22,13,4,11,7,3,100,60,21,1019,1018,1016,19,12,3,11,5,,0.00,1,mgła,130
2014-6-28,25,18,10,17,11,8,100,62,32,1020,1016,1013,19,15,3,27,10,61,2.03,4,deszcz-burza z wyładowaniami,151
2014-6-29,27,20,13,18,14,12,95,72,36,1013,1009,1005,19,13,3,26,10,,11.94,6,deszcz-burza z wyładowaniami,182
2014-6-30,14,13,13,16,14,12,100,95,87,1013,1010,1008,19,8,3,21,10,,19.05,6,deszcz,294
2014-7-1,19,15,11,13,11,9,100,78,41,1021,1016,1013,19,10,3,24,11,,2.03,4,mgła-deszcz,276
2014-7-2,19,13,8,13,11,6,100,76,49,1021,1020,1019,19,15,10,21,5,,0.00,6,mgła,158
2014-7-3,22,17,12,13,10,6,96,63,23,1025,1023,1021,19,15,10,23,6,,0.00,4,,287
2014-7-4,27,18,8,13,9,6,95,54,21,1025,1020,1015,19,19,14,14,6,,0.00,,mgła,156
2014-7-5,27,19,11,16,12,8,94,60,28,1015,1012,1010,19,17,10,23,8,45,0.00,1,mgła-deszcz,160
2014-7-6,28,21,14,19,16,13,100,66,37,1015,1014,1013,19,15,4,21,6,,0.00,2,mgła-deszcz-burza z wyładowaniami,211
2014-7-7,31,23,15,18,16,13,100,64,25,1016,1015,1013,19,12,2,14,5,,0.00,2,mgła-burza z wyładowaniami,132
2014-7-8,30,24,18,19,17,13,88,65,31,1014,1009,1005,19,15,10,23,8,,0.25,2,deszcz-burza z wyładowaniami,109
2014-7-9,23,19,16,18,16,15,100,84,60,1006,1004,1004,19,12,2,23,8,26,9.91,6,deszcz-burza z wyładowaniami,183
2014-7-10,21,17,13,16,14,12,100,84,49,1009,1007,1004,19,10,3,14,10,,0.00,6,deszcz,275
2014-7-11,22,19,15,16,15,13,100,83,56,1008,1007,1006,19,11,3,27,10,39,2.03,4,deszcz,13
2014-7-12,23,18,13,14,13,9,100,76,31,1009,1008,1007,19,13,8,24,10,,0.00,5,,332
2014-7-13,24,18,12,14,11,7,100,63,24,1012,1011,1009,19,15,8,19,10,,0.00,3,mgła,216
2014-7-14,28,21,13,16,13,8,88,59,23,1016,1013,1012,19,15,10,14,6,,0.00,1,burza z wyładowaniami,187
2014-7-15,27,20,13,18,15,13,100,70,35,1020,1018,1016,19,14,10,16,6,,3.05,1,deszcz-burza z wyładowaniami,8
2014-7-16,27,21,14,17,16,13,96,69,31,1021,1020,1019,19,14,7,64,6,,0.00,2,mgła-burza z wyładowaniami,16
2014-7-17,28,21,15,17,15,11,97,69,30,1021,1020,1019,19,13,8,24,5,,0.00,1,mgła,39
2014-7-18,26,20,15,19,17,15,100,77,44,1021,1020,1018,19,16,10,24,3,,2.03,3,deszcz-burza z wyładowaniami,86
2014-7-19,29,21,14,19,16,12,100,65,30,1020,1018,1015,19,14,10,13,5,,0.00,1,mgła,89
2014-7-20,31,23,15,18,15,12,94,54,23,1017,1014,1010,19,17,10,13,8,,0.00,,mgła,136
2014-7-21,29,23,18,18,16,14,85,62,36,1012,1010,1008,19,19,14,26,11,,0.00,8,,92
2014-7-22,27,23,18,17,13,9,78,53,21,1015,1012,1010,19,18,10,29,16,42,0.00,1,,50
2014-7-23,24,20,15,17,14,12,100,71,40,1015,1014,1012,19,14,10,37,11,48,5.08,3,deszcz-burza z wyładowaniami,35
2014-7-24,21,18,16,18,16,14,100,91,67,1014,1012,1009,19,10,3,23,11,,0.25,5,deszcz,54
2014-7-25,26,21,17,19,17,14,100,79,41,1016,1014,1013,19,10,3,13,8,,0.00,5,deszcz-burza z wyładowaniami,84
2014-7-26,28,21,13,19,16,13,100,74,32,1016,1015,1012,19,12,1,14,6,,0.00,2,mgła,99
2014-7-27,30,22,14,18,16,12,97,64,23,1015,1014,1011,19,16,8,19,6,,0.00,1,mgła-burza z wyładowaniami,110
2014-7-28,29,22,15,19,17,14,100,74,35,1014,1012,1010,19,11,5,24,6,,7.87,2,mgła-deszcz-burza z wyładowaniami,128
2014-7-29,27,21,14,20,17,14,100,74,37,1012,1010,1008,19,11,2,21,5,,0.00,3,mgła-burza z wyładowaniami,112
2014-7-30,27,21,16,19,17,15,96,72,44,1009,1009,1007,19,13,6,18,6,,0.00,1,mgła-deszcz,144
2014-7-31,26,21,17,21,18,16,100,87,62,1014,1011,1009,14,8,3,23,5,,11.94,5,mgła-deszcz-burza z wyładowaniami,322
2014-8-1,24,21,18,20,18,16,100,90,68,1014,1013,1012,10,7,3,16,6,,0.00,6,deszcz-burza z wyładowaniami,13
2014-8-2,30,24,18,21,17,11,100,71,25,1014,1013,1010,19,7,0,19,10,,0.00,6,mgła,101
2014-8-3,30,23,16,17,15,10,94,61,23,1014,1013,1011,19,16,10,21,6,,0.00,2,mgła-deszcz-burza z wyładowaniami,126
2014-8-4,26,20,15,18,16,14,94,79,47,1016,1015,1012,19,14,6,23,6,,11.94,5,deszcz-burza z wyładowaniami,220
2014-8-5,24,19,14,17,16,14,100,81,46,1016,1015,1013,19,9,0,16,6,,0.00,4,mgła,271
2014-8-6,24,20,17,16,14,11,100,69,36,1017,1016,1015,19,14,3,19,6,,0.00,3,mgła,330
2014-8-7,23,20,17,17,15,13,94,78,54,1016,1015,1014,19,15,10,18,5,,0.25,3,deszcz,356
2014-8-8,27,21,16,18,16,11,100,75,30,1015,1014,1013,19,10,2,19,6,,0.00,3,mgła-deszcz-burza z wyładowaniami,294
2014-8-9,28,21,13,18,14,12,100,67,30,1015,1014,1012,19,18,10,23,6,,0.00,1,mgła-burza z wyładowaniami,170
2014-8-10,29,22,16,19,17,14,94,71,39,1016,1015,1012,19,17,10,14,6,,0.00,1,mgła-burza z wyładowaniami,176
2014-8-11,28,22,17,19,18,16,100,81,43,1015,1012,1011,19,13,3,29,10,,19.05,4,deszcz-burza z wyładowaniami,206
2014-8-12,20,17,14,17,14,10,96,79,49,1016,1015,1014,19,13,6,16,8,,0.00,3,deszcz,219
2014-8-13,22,17,12,18,14,12,100,81,52,1015,1010,1004,19,14,1,23,8,61,10.92,7,deszcz-burza z wyładowaniami,127
2014-8-14,18,16,14,18,14,12,95,79,60,1013,1010,1004,19,13,10,23,13,,0.00,4,deszcz,239
2014-8-15,22,17,11,15,12,9,100,76,34,1013,1012,1011,19,11,3,19,6,37,7.11,2,mgła-deszcz-burza z wyładowaniami,201
2014-8-16,18,14,11,13,12,9,95,84,47,1016,1013,1012,19,13,6,23,10,,0.51,3,deszcz-burza z wyładowaniami,248
2014-8-17,19,14,9,11,10,5,96,71,38,1017,1015,1013,19,14,10,29,11,,0.00,3,,229
2014-8-18,23,17,11,14,11,8,94,63,30,1014,1011,1009,19,14,5,29,11,39,0.51,2,deszcz-burza z wyładowaniami,203
2014-8-19,17,14,12,14,13,10,96,86,60,1015,1013,1011,19,11,2,14,8,,3.05,4,mgła-deszcz,206
2014-8-20,21,16,10,13,11,7,100,71,38,1016,1015,1013,19,11,2,19,6,,0.00,2,mgła-deszcz,241
2014-8-21,17,13,10,11,9,8,94,77,49,1019,1017,1015,19,12,6,14,5,,5.08,3,deszcz,117
2014-8-22,19,13,7,13,9,6,100,73,40,1019,1017,1015,19,13,7,16,6,,0.00,3,mgła-deszcz,154
2014-8-23,22,16,9,14,12,8,96,71,35,1016,1014,1012,19,14,5,21,6,,4.06,3,deszcz,211
2014-8-24,16,12,9,14,11,7,100,86,53,1018,1014,1011,19,10,3,26,10,,2.03,5,deszcz-burza z wyładowaniami,270
2014-8-25,18,12,6,9,7,4,95,67,30,1020,1017,1014,19,16,10,26,11,,0.00,3,,225
2014-8-26,13,11,10,12,11,7,100,89,67,1015,1009,1007,19,9,3,14,6,,7.87,6,deszcz,172
2014-8-27,16,13,11,12,11,8,100,84,55,1016,1012,1009,19,8,1,16,6,,0.00,5,mgła-deszcz,319
2014-8-28,20,14,9,12,8,5,94,70,30,1020,1018,1016,19,15,8,26,10,,0.00,2,mgła,250
2014-8-29,22,14,7,12,9,6,100,65,27,1021,1019,1017,19,15,6,21,6,,0.00,8,mgła-deszcz,191
2014-8-30,23,18,13,16,14,11,95,75,48,1018,1017,1016,19,13,10,14,8,,0.00,3,deszcz,207
2014-8-31,22,17,12,17,14,11,100,86,52,1017,1014,1011,19,8,0,19,6,,10.92,4,mgła-deszcz-burza z wyładowaniami,160
2014-9-1,18,16,14,16,15,14,100,94,82,1015,1013,1011,10,6,1,16,6,,0.25,6,mgła-deszcz,18
2014-9-2,19,17,14,15,14,13,100,89,65,1020,1016,1014,14,7,1,19,13,,0.00,6,deszcz,47
2014-9-3,19,16,13,14,13,11,100,84,61,1023,1022,1020,19,10,6,24,11,,0.00,5,,43
2014-9-4,22,18,13,15,13,11,100,77,51,1023,1022,1021,19,16,10,27,18,,0.00,2,,69
2014-9-5,22,17,11,14,12,9,94,72,44,1022,1018,1016,19,17,10,23,13,39,0.00,,,75
2014-9-6,24,17,9,18,14,8,100,79,46,1016,1015,1013,14,9,3,11,3,,0.00,1,mgła,262
2014-9-7,26,19,12,18,14,10,100,78,36,1015,1014,1013,19,10,3,14,6,,0.00,1,mgła-deszcz-burza z wyładowaniami,192
2014-9-8,26,19,13,17,14,10,100,77,36,1017,1016,1014,19,12,4,21,5,,0.00,1,mgła-deszcz,222
2014-9-9,21,18,15,17,16,13,100,84,62,1017,1016,1015,14,8,3,19,6,,2.03,3,mgła-deszcz,280
2014-9-10,20,16,12,13,11,2,94,71,39,1017,1016,1015,19,12,10,14,6,,0.00,3,,337
2014-9-11,17,14,12,16,13,10,100,91,75,1016,1014,1013,14,7,3,23,10,,1.02,6,deszcz,62
2014-9-12,24,19,13,17,15,13,100,84,54,1018,1014,1013,19,8,3,27,11,47,3.05,4,mgła-deszcz-burza z wyładowaniami,89
2014-9-13,22,16,9,17,13,8,100,82,53,1019,1018,1017,19,8,0,16,5,,0.00,2,mgła-deszcz,75
2014-9-14,21,17,12,17,15,12,100,84,61,1019,1017,1017,10,8,3,16,6,,0.00,4,mgła-deszcz,86
2014-9-15,23,18,12,16,12,10,94,70,38,1020,1019,1018,19,14,8,26,11,,0.00,,mgła,78
2014-9-16,22,17,12,14,12,9,94,71,45,1021,1020,1019,19,15,10,23,13,,0.00,4,mgła,85
2014-9-17,21,16,10,12,10,8,94,71,39,1021,1020,1019,19,15,10,19,10,,0.00,,,83
2014-9-18,22,15,8,13,10,7,100,72,36,1021,1020,1019,19,12,7,14,5,,0.00,2,mgła,126
2014-9-19,22,16,8,12,10,7,96,66,31,1021,1018,1016,19,14,10,16,8,,0.00,1,,148
2014-9-20,20,16,11,15,13,9,100,87,67,1017,1015,1013,14,6,1,14,5,,5.08,6,mgła-deszcz,171
2014-9-21,21,17,13,16,14,13,100,88,59,1013,1011,1008,10,6,0,24,8,,1.02,4,mgła-deszcz,242
2014-9-22,14,11,8,15,10,6,100,86,59,1011,1008,1006,14,8,2,35,13,42,4.06,5,deszcz,272
2014-9-23,12,8,5,9,7,4,100,85,59,1020,1013,1009,19,10,3,32,14,52,3.05,5,deszcz,275
2014-9-24,14,8,1,7,3,-1,100,75,34,1021,1017,1013,19,10,2,13,6,,0.00,1,mgła,154
2014-9-25,16,10,5,10,8,6,94,77,48,1019,1014,1012,19,11,6,26,10,,0.51,4,mgła-deszcz,220
2014-9-26,13,11,10,11,10,8,100,93,76,1022,1019,1017,14,7,3,21,11,,0.76,6,deszcz,273
2014-9-27,17,12,6,13,10,6,100,85,38,1030,1025,1021,19,7,1,23,8,,0.76,6,mgła-deszcz,273
2014-9-28,18,11,3,11,7,2,100,82,43,1031,1029,1027,19,9,2,11,3,,0.00,1,mgła,203
2014-9-29,21,12,4,12,9,6,99,75,41,1029,1026,1024,19,15,10,26,10,,0.00,,mgła,213
2014-9-30,21,15,9,15,13,9,100,79,49,1026,1024,1024,19,10,3,18,10,,0.51,6,mgła-deszcz,228
2014-10-1,17,15,13,15,14,11,100,94,81,1026,1025,1024,9,4,0,11,5,,0.00,7,mgła-deszcz,327
2014-10-2,15,12,10,15,13,10,100,94,79,1030,1028,1024,10,5,0,14,6,,0.00,6,mgła-deszcz,41
2014-10-3,14,11,8,11,9,7,100,87,67,1030,1028,1026,14,8,0,16,6,,0.00,6,mgła,73
2014-10-4,15,10,5,8,6,4,100,81,38,1028,1024,1022,19,6,1,23,10,,0.00,3,mgła,76
2014-10-5,17,10,3,11,6,1,100,83,45,1023,1022,1020,19,6,0,13,5,,0.00,5,mgła,90
2014-10-6,17,9,1,10,6,0,100,83,45,1023,1020,1018,31,8,2,14,3,,0.51,2,mgła-deszcz,103
2014-10-7,18,11,4,10,8,4,100,76,45,1020,1018,1016,19,7,0,16,8,,0.00,4,mgła,140
2014-10-8,19,12,6,13,10,6,94,76,53,1019,1017,1015,19,11,6,18,8,,0.00,2,mgła,152
2014-10-9,23,16,8,14,12,9,99,74,44,1016,1015,1014,19,13,6,21,8,,0.00,,mgła,191
2014-10-10,22,16,9,15,13,9,100,82,52,1019,1016,1014,19,9,1,21,5,,0.00,2,mgła,206
2014-10-11,23,16,8,17,13,8,100,82,45,1019,1015,1013,19,7,0,13,5,,0.00,3,mgła,148
2014-10-12,21,16,11,14,13,10,100,84,48,1017,1016,1015,19,9,2,11,5,,0.00,4,mgła,231
2014-10-13,22,16,10,16,13,9,100,86,53,1016,1013,1009,19,5,0,13,6,,0.00,6,mgła,108
2014-10-14,16,13,9,15,13,9,100,94,85,1012,1009,1006,10,5,2,24,8,,2.03,6,mgła-deszcz,215
2014-10-15,17,11,4,13,9,4,100,90,62,1013,1009,979,19,6,0,11,5,,0.51,4,mgła-deszcz,171
2014-10-16,16,11,7,13,11,7,100,90,72,1010,1009,1008,19,5,0,14,5,,0.76,4,mgła-deszcz,222
2014-10-17,14,12,10,13,12,10,100,95,82,1018,1011,1008,14,7,2,21,8,,3.05,4,mgła-deszcz,258
2014-10-18,16,11,7,11,11,7,100,90,64,1028,1024,1017,14,7,2,14,8,,0.00,6,mgła-deszcz,277
2014-10-19,19,12,5,12,9,5,100,81,49,1028,1022,1016,19,8,0,29,11,40,0.00,1,mgła,188
2014-10-20,18,14,11,13,11,8,100,80,66,1017,1014,1012,19,13,7,26,18,,1.02,4,deszcz,237
2014-10-21,16,12,8,10,8,7,95,78,53,1014,1009,1003,19,12,8,18,10,,0.00,3,mgła-deszcz,220
2014-10-22,8,7,6,9,7,4,100,91,75,1005,1003,1000,14,9,5,29,11,47,11.94,6,deszcz,265
2014-10-23,7,5,3,9,4,2,100,94,86,1023,1014,1004,19,7,2,34,14,42,2.03,7,deszcz,32
2014-10-24,4,2,1,2,1,-2,100,86,66,1027,1025,1022,14,8,1,24,14,37,0.00,6,,64
2014-10-25,11,6,1,5,1,-2,93,77,54,1028,1025,1023,19,11,5,23,11,,0.00,6,,123
2014-10-26,10,6,1,5,3,0,100,85,57,1033,1029,1026,14,5,0,14,6,,0.00,5,mgła,162
2014-10-27,12,6,-2,8,2,-2,100,91,57,1034,1031,1029,10,3,0,11,6,,0.00,6,mgła,133
2014-10-28,11,5,-1,7,2,-2,100,93,58,1031,1026,1022,10,2,0,11,5,,0.00,6,mgła,117
2014-10-29,11,4,-2,7,1,-2,100,84,44,1025,1021,1019,19,4,0,11,6,,0.00,,mgła,165
2014-10-30,9,3,-2,4,2,-3,100,82,53,1029,1025,1021,10,6,2,16,8,,0.00,5,mgła,243
2014-10-31,11,6,1,6,4,0,100,87,54,1029,1027,1026,10,4,0,11,3,,0.00,5,mgła,122
2014-11-1,12,6,-1,9,6,-1,100,90,73,1029,1024,1022,8,3,0,14,5,,0.00,1,mgła-deszcz,163
2014-11-2,15,9,4,9,7,4,100,85,53,1024,1021,1018,14,5,0,18,8,,0.00,1,mgła,173
2014-11-3,14,8,1,6,4,1,99,74,43,1019,1014,1009,19,8,3,19,8,,0.00,,mgła,193
2014-11-4,15,9,3,7,6,2,93,65,46,1011,1006,1003,19,14,5,32,13,45,0.00,2,mgła,166
2014-11-5,18,16,12,7,6,4,72,53,36,1008,1005,1002,19,18,10,32,18,42,0.00,1,,166
2014-11-6,18,13,7,11,9,6,100,69,47,1015,1011,1007,19,12,2,18,8,,0.00,4,mgła,154
2014-11-7,15,11,7,12,10,7,100,90,66,1014,1011,1009,14,5,2,11,3,,2.03,6,mgła-deszcz,127
2014-11-8,11,9,8,13,9,6,100,95,82,1019,1015,1011,8,4,0,19,6,,8.89,6,deszcz,270
2014-11-9,12,10,8,11,9,7,100,96,86,1018,1016,1014,10,5,0,16,10,,0.00,6,mgła-deszcz,93
2014-11-10,17,12,8,11,9,8,100,81,52,1016,1015,1014,19,7,0,111,11,,0.00,6,mgła,146
2014-11-11,18,13,9,11,9,7,94,74,45,1017,1015,1012,31,12,10,21,8,,0.00,3,,127
2014-11-12,16,11,7,11,8,6,93,81,52,1013,1011,1010,19,12,6,16,8,,0.00,8,mgła,102
2014-11-13,15,10,5,9,7,4,100,86,50,1017,1013,1010,10,5,1,14,5,,0.00,6,mgła,62
2014-11-14,9,7,6,7,7,6,100,89,74,1019,1017,1016,10,6,1,14,8,,0.00,6,,86
2014-11-15,9,8,6,7,7,6,100,95,79,1017,1013,1010,10,4,0,23,11,,0.00,6,mgła,96
2014-11-16,9,7,5,8,7,5,100,93,76,1011,1009,1007,10,5,2,21,13,,2.03,6,deszcz,94
2014-11-17,7,6,4,7,6,4,100,98,92,1014,1011,1009,6,2,0,14,8,,0.00,7,mgła-deszcz,81
2014-11-18,7,6,4,6,5,3,100,95,83,1014,1011,1010,10,5,2,24,14,,4.06,7,deszcz,91
2014-11-19,7,6,4,6,5,4,100,96,88,1023,1016,1011,7,4,1,14,8,,1.02,7,deszcz,70
2014-11-20,4,3,2,4,3,2,100,97,88,1027,1025,1022,8,2,1,14,8,,0.00,7,deszcz,328
2014-11-21,3,2,2,2,2,0,100,93,80,1028,1026,1025,10,6,1,11,6,,0.25,7,deszcz,5
2014-11-22,4,3,2,2,2,1,100,91,72,1030,1027,1025,8,4,3,11,6,,0.00,7,deszcz,87
2014-11-23,6,3,0,2,1,-1,100,84,61,1032,1029,1028,10,7,3,16,11,,0.00,6,,110
2014-11-24,4,2,-1,3,0,-2,100,86,63,1031,1026,1023,14,6,2,21,13,,0.00,6,deszcz,138
2014-11-25,6,4,2,4,3,2,100,92,72,1029,1027,1025,10,4,0,21,11,,0.00,6,mgła-deszcz,245
2014-11-26,6,3,1,3,1,-2,100,86,44,1028,1025,1022,19,5,0,14,3,,0.00,6,mgła,98
2014-11-27,3,1,0,1,-1,-2,100,86,66,1024,1020,1018,14,7,3,21,11,,0.00,6,,93
2014-11-28,-1,-2,-3,-2,-3,-5,93,85,74,1025,1021,1019,10,7,5,23,14,,0.00,7,,88
2014-11-29,-3,-3,-4,-4,-6,-7,93,81,68,1027,1024,1023,14,9,7,26,19,45,0.00,6,,91
2014-11-30,-3,-4,-5,-5,-6,-7,93,84,70,1025,1022,1020,10,8,6,26,19,45,0.00,7,,91
2014-12-1,-2,-3,-4,-6,-7,-7,86,78,60,1023,1020,1016,19,10,10,32,24,48,0.00,6,,84
2014-12-2,-1,-2,-4,-4,-6,-6,86,79,66,1021,1017,1015,10,8,6,26,19,,0.00,7,,80
2014-12-3,3,-1,-5,0,-2,-6,93,80,61,1025,1021,1018,8,6,3,10,6,,0.00,5,,82
2014-12-4,7,2,-2,1,-1,-3,100,82,52,1025,1022,1020,14,5,0,16,8,,0.00,5,mgła,88
2014-12-5,0,-2,-3,-1,-2,-3,100,96,87,1024,1021,1019,5,2,0,14,10,,0.00,6,mgła-deszcz,106
2014-12-6,3,1,-1,3,1,-2,100,91,71,1023,1021,1019,6,3,1,11,5,,0.00,7,mgła-deszcz-śnieg,44
2014-12-7,3,2,1,1,1,-1,100,91,79,1023,1020,1017,5,3,2,11,5,,0.00,7,deszcz,55
2014-12-8,3,1,-1,2,1,-2,100,91,74,1022,1017,1015,10,5,1,21,6,,0.00,6,mgła-deszcz-śnieg,243
2014-12-9,3,-2,-7,2,-3,-7,100,93,50,1032,1026,1020,19,4,0,14,3,,0.00,4,mgła,61
2014-12-10,2,-3,-9,-1,-5,-9,100,86,57,1032,1023,1016,19,4,0,14,5,,0.00,6,mgła,151
2014-12-11,4,1,-2,1,-1,-4,87,77,59,1019,1014,1009,14,8,4,24,11,42,0.00,4,deszcz,209
2014-12-12,9,5,1,2,-1,-3,87,65,35,1015,1010,1006,19,15,10,34,21,53,0.00,3,deszcz,214
2014-12-13,11,7,3,0,-1,-3,70,51,29,1016,1011,1006,19,14,7,32,23,52,0.00,5,,222
2014-12-14,9,6,3,4,3,0,90,77,54,1020,1017,1014,14,8,4,21,11,,0.25,5,deszcz,215
2014-12-15,8,6,4,6,4,2,90,83,70,1020,1017,1015,14,8,3,19,11,,0.25,6,deszcz,204
2014-12-16,7,6,4,6,4,3,100,92,83,1017,1013,1009,10,3,1,19,6,,0.00,6,deszcz,188
2014-12-17,5,3,2,5,1,-1,100,86,70,1014,1010,1008,10,8,3,23,11,,0.00,4,deszcz,232
2014-12-18,8,6,3,6,3,1,93,86,73,1014,1011,1008,14,9,4,26,18,,0.00,5,deszcz,221
2014-12-19,12,9,6,9,8,6,100,88,70,1013,1010,1009,19,8,3,37,23,58,0.76,6,deszcz,225
2014-12-20,6,4,3,5,1,-2,93,73,47,1018,1013,1010,31,12,7,37,24,53,1.02,4,deszcz,242
2014-12-21,4,2,0,2,1,-1,100,85,63,1025,1019,1011,19,10,1,39,27,55,0.51,6,deszcz-śnieg,262
2014-12-22,9,6,3,5,3,0,93,84,69,1021,1013,1010,19,11,6,37,27,58,1.02,6,deszcz,230
2014-12-23,10,8,7,7,5,3,93,78,57,1015,1013,1011,19,10,3,37,29,60,0.25,6,deszcz,238
2014-12-24,8,6,4,4,3,-1,93,74,40,1015,1013,1012,19,11,6,34,24,,2.03,5,deszcz,229
2014-12-25,5,3,1,5,1,-3,93,79,49,1019,1015,1012,19,10,4,29,21,,0.25,5,deszcz-śnieg,243
2014-12-26,1,-3,-7,0,-3,-9,100,89,64,1026,1020,1016,19,8,2,26,16,,2.03,6,deszcz-śnieg,297
2014-12-27,-8,-10,-13,-9,-11,-13,100,91,81,1025,1015,1009,10,6,3,13,5,,0.00,4,mgła-deszcz-śnieg,77
2014-12-28,-6,-8,-10,-7,-9,-12,93,89,72,1025,1015,1009,10,7,2,23,11,,0.00,6,śnieg,3
2014-12-29,-4,-7,-9,-6,-8,-11,100,89,69,1030,1023,1020,10,6,2,24,13,,0.00,6,śnieg,302
2014-12-30,-7,-11,-15,-9,-12,-17,93,83,51,1036,1030,1027,10,5,2,16,8,,0.00,6,śnieg,323
2014-12-31,-4,-8,-12,-7,-10,-13,93,78,58,1035,1031,1030,10,5,1,21,10,,0.00,6,śnieg,187
CET,Temperatura maksymalnaC,Temperatura średniaC,Temperatura minimalnaC,Punkt rosyC,MeanDew PointC,Min DewpointC,Max Wilgotność, Mean Wilgotność, Min Wilgotność, Max Ciśnienie na poziomie morzahPa, Mean Ciśnienie na poziomie morzahPa, Min Ciśnienie na poziomie morzahPa, Max WidzialnośćKm, Mean WidzialnośćKm, Min WidzialnośćkM, Max Prędkość wiatruKm/h, Mean Prędkość wiatruKm/h, Max prędkość w porywieKm/h,Opadymm, CloudCover, Wydarzenia,WindDirDegrees
2015-1-1,1,-2,-4,1,-2,-6,100,96,75,1034,1030,1028,6,2,0,19,13,,0.00,6,mgła-deszcz-śnieg,227
2015-1-2,5,1,-2,2,1,-3,100,90,70,1028,1021,1017,10,5,1,34,19,,0.00,5,deszcz,225
2015-1-3,4,2,0,0,-2,-3,100,75,50,1024,1017,1009,19,9,2,39,29,58,0.00,4,śnieg,241
2015-1-4,2,0,-1,0,-1,-4,100,90,59,1021,1014,1009,19,8,1,35,26,64,0.00,5,deszcz-śnieg,281
2015-1-5,0,-2,-3,-1,-3,-4,100,87,67,1025,1021,1019,19,9,2,29,21,,1.02,5,śnieg,299
2015-1-6,-2,-8,-14,-3,-8,-15,100,80,37,1034,1027,1022,19,10,4,21,11,,0.00,3,śnieg,356
2015-1-7,-4,-8,-12,-6,-11,-14,93,72,45,1034,1030,1027,10,7,3,21,13,,0.00,7,śnieg,149
2015-1-8,1,-2,-5,-1,-4,-6,100,82,64,1032,1026,1017,10,7,3,39,16,60,1.02,6,deszcz-śnieg,209
2015-1-9,6,3,0,2,1,-1,100,84,60,1023,1013,1003,19,9,1,42,27,55,0.51,6,deszcz-śnieg,238
2015-1-10,12,7,1,8,5,1,100,88,60,1008,1003,998,19,9,2,64,21,84,6.10,6,deszcz,237
2015-1-11,3,2,1,1,-3,-4,87,65,40,1012,1007,1003,19,13,10,47,27,64,0.00,5,deszcz-śnieg,254
2015-1-12,4,2,1,2,1,-3,100,84,59,1019,1016,1010,19,10,0,37,24,,0.76,6,deszcz-śnieg,240
2015-1-13,11,7,3,1,-2,-7,81,53,18,1019,1015,1012,19,14,10,34,21,,0.00,5,,216
2015-1-14,8,4,1,1,-1,-4,81,61,41,1015,1012,1010,19,14,7,29,16,,0.00,7,deszcz,217
2015-1-15,5,2,0,1,-1,-4,93,71,46,1021,1015,1012,19,12,5,29,13,,0.00,5,deszcz-śnieg,201
2015-1-16,12,7,2,3,1,-1,92,69,42,1014,1012,1009,19,14,4,21,10,,0.00,4,,190
2015-1-17,11,6,0,4,2,-1,100,82,48,1018,1011,1006,19,8,1,29,8,,0.25,6,deszcz-śnieg,333
2015-1-18,2,1,0,1,1,-1,100,96,84,1021,1018,1016,10,3,1,13,5,,0.51,7,deszcz-śnieg,10
2015-1-19,5,2,0,1,1,-1,100,91,76,1019,1015,1013,10,7,3,16,11,,0.00,7,,89
2015-1-20,3,2,1,1,1,0,100,92,75,1015,1013,1011,10,5,3,16,10,,0.00,6,,111
2015-1-21,4,3,1,2,1,-1,100,88,62,1018,1015,1012,6,4,2,11,5,,0.00,7,,96
2015-1-22,4,2,1,3,2,1,100,93,81,1018,1016,1015,8,5,2,19,10,,0.00,6,deszcz,69
2015-1-23,2,1,-1,2,0,-2,100,95,81,1023,1019,1015,6,4,1,21,8,,0.00,6,śnieg,353
2015-1-24,-1,-1,-2,-1,-2,-3,100,94,79,1023,1017,1015,8,3,0,19,11,,2.03,7,śnieg,351
2015-1-25,-1,-2,-3,-1,-3,-4,100,94,80,1025,1020,1015,5,2,1,19,11,,5.08,7,deszcz-śnieg,307
2015-1-26,0,-2,-5,-1,-3,-6,100,89,71,1027,1023,1016,10,6,2,14,8,,0.00,6,śnieg,251
2015-1-27,1,-3,-6,0,-2,-7,100,90,74,1019,1013,1010,10,4,1,23,11,,1.02,6,śnieg,216
2015-1-28,2,0,-1,0,-2,-4,100,86,64,1017,1012,1002,14,7,2,26,13,,0.00,6,deszcz-śnieg,226
2015-1-29,1,-1,-2,0,-3,-6,100,75,58,1004,996,988,19,11,1,27,16,47,0.51,5,deszcz-śnieg,196
2015-1-30,3,0,-3,0,-2,-6,100,81,52,990,979,974,19,7,0,21,11,,8.89,6,mgła-deszcz-śnieg,124
2015-1-31,1,-1,-3,-1,-3,-4,100,85,69,989,981,975,10,8,2,24,13,,0.00,5,śnieg,236
2015-2-1,3,-2,-6,-2,-4,-7,100,81,54,996,991,987,19,8,0,16,10,,0.00,1,mgła,203
2015-2-2,1,-3,-8,-1,-5,-11,100,89,60,1001,996,994,8,3,0,11,3,,0.25,4,mgła-deszcz-śnieg,173
2015-2-3,1,-2,-5,-2,-4,-7,100,81,57,1008,1002,998,19,7,1,18,11,,0.00,4,śnieg,206
2015-2-4,3,-2,-7,-2,-4,-8,100,84,65,1017,1010,1006,10,6,0,19,5,,1.02,5,mgła-śnieg,171
2015-2-5,-1,-7,-12,-3,-7,-14,100,88,64,1027,1021,1015,10,4,0,24,5,,0.00,6,mgła-śnieg,55
2015-2-6,-2,-3,-4,-4,-6,-9,100,78,58,1029,1026,1024,14,9,1,29,21,,0.00,7,śnieg,57
2015-2-7,-1,-4,-7,-4,-7,-9,93,76,55,1029,1022,1009,14,8,3,27,13,,0.00,6,mgła-deszcz-śnieg,259
2015-2-8,-1,-5,-9,0,-4,-10,100,88,60,1020,1010,1002,19,6,0,35,21,52,4.06,6,deszcz-śnieg,292
2015-2-9,1,-3,-7,1,-3,-9,100,92,74,1020,1015,1010,19,4,1,21,14,,1.02,6,deszcz-śnieg,267
2015-2-10,2,1,1,2,1,1,100,96,87,1028,1022,1017,8,3,0,16,11,,1.02,7,mgła-deszcz-śnieg,296
2015-2-11,2,1,1,1,0,-1,100,92,78,1029,1027,1025,10,6,2,14,8,,0.51,7,deszcz,271
2015-2-12,4,1,-2,1,-1,-3,93,82,63,1029,1026,1025,10,6,3,18,8,,0.00,6,mgła,179
2015-2-13,6,0,-6,-1,-4,-7,100,72,36,1028,1023,1019,19,6,2,14,6,,0.00,,mgła,167
2015-2-14,9,1,-7,-2,-5,-8,93,71,22,1022,1017,1015,14,6,2,10,5,,0.00,,,131
2015-2-15,11,2,-7,-1,-3,-7,100,77,25,1026,1020,1017,8,5,0,24,6,,0.00,6,mgła,77
2015-2-16,-1,-2,-4,-2,-4,-8,93,81,58,1032,1028,1024,19,9,3,29,23,48,0.00,6,,94
2015-2-17,4,-1,-7,-5,-7,-9,86,67,36,1041,1034,1029,19,12,3,23,14,,0.00,,,104
2015-2-18,2,-2,-6,-1,-3,-7,87,77,60,1042,1038,1035,10,5,3,19,10,,0.00,7,,231
2015-2-19,3,-1,-4,-1,-2,-6,93,80,61,1037,1030,1024,8,4,2,18,10,,0.00,4,,216
2015-2-20,8,3,-1,-2,-3,-5,81,63,35,1026,1019,1013,10,7,4,29,11,,0.00,,,202
2015-2-21,9,3,-4,-2,-5,-9,85,55,20,1015,1005,1001,19,10,6,29,8,39,0.00,,,174
2015-2-22,11,3,-4,1,-1,-4,100,71,32,1012,1007,1003,19,8,4,14,6,,0.00,6,deszcz,140
2015-2-23,11,6,0,4,2,-1,100,75,46,1012,1005,1000,19,7,2,19,6,,0.00,6,deszcz,158
2015-2-24,8,4,2,4,2,1,93,78,56,1013,1007,1001,14,9,3,21,10,,0.76,6,deszcz,258
2015-2-25,6,4,3,3,2,2,100,89,67,1020,1016,1012,8,4,1,14,5,,1.02,7,deszcz,333
2015-2-26,5,3,1,4,3,0,100,94,83,1022,1020,1017,8,4,1,21,10,,0.76,7,deszcz-śnieg,3
2015-2-27,7,4,2,4,3,2,100,89,69,1018,1015,1013,10,5,1,14,6,,0.00,6,deszcz,99
2015-2-28,8,4,2,4,2,1,100,87,53,1021,1018,1015,7,4,1,16,5,,0.00,5,,267
2015-3-1,10,6,1,3,1,-2,100,74,37,1020,1011,1006,19,8,2,29,11,48,0.00,5,mgła-deszcz,181
2015-3-2,8,4,-1,7,2,-2,93,80,55,1010,1004,999,19,12,7,40,14,61,5.08,5,deszcz-grad-burza z wyładowaniami,221
2015-3-3,6,1,-3,0,-2,-5,100,78,36,1022,1016,1007,19,9,1,40,14,45,0.00,5,deszcz-śnieg,232
2015-3-4,6,1,-3,1,-3,-5,100,67,36,1026,1020,1015,19,11,2,39,16,48,3.05,5,mgła-deszcz-śnieg,243
2015-3-5,5,1,-3,0,-2,-5,93,75,47,1033,1028,1024,19,9,3,21,8,35,0.00,4,mgła-deszcz-śnieg-grad,275
2015-3-6,4,1,-2,-1,-3,-5,100,76,41,1037,1034,1031,19,7,3,13,5,,0.00,5,,253
2015-3-7,9,4,-1,1,-1,-3,88,69,46,1036,1034,1031,14,7,3,14,6,,0.00,5,,211
2015-3-8,12,5,-2,-1,-4,-9,87,50,17,1034,1030,1027,19,10,4,23,10,,0.00,,mgła,194
2015-3-9,12,6,-2,-2,-5,-8,86,44,15,1030,1027,1026,31,17,8,26,13,,0.00,,,221
2015-3-10,13,5,-3,-1,-3,-5,86,58,19,1029,1025,1021,19,9,3,13,6,,0.00,,,159
2015-3-11,5,2,-2,3,1,-4,100,87,76,1026,1022,1020,14,7,2,23,8,,0.51,7,mgła-deszcz,332
2015-3-12,6,3,1,1,-1,-2,93,73,46,1028,1025,1023,14,10,5,27,16,,0.00,6,deszcz,342
2015-3-13,3,2,1,2,1,0,100,92,77,1025,1023,1021,10,7,2,19,11,,1.02,7,deszcz-śnieg,15
2015-3-14,4,2,1,3,2,0,100,93,80,1028,1024,1021,10,6,0,19,10,,3.05,7,mgła-deszcz-śnieg,45
2015-3-15,11,7,2,4,2,1,100,80,40,1036,1032,1027,19,9,3,23,13,,0.00,4,deszcz,90
2015-3-16,13,8,3,3,2,0,93,70,36,1037,1035,1034,31,11,3,32,18,,0.00,4,,96
2015-3-17,14,7,-1,2,-2,-5,93,56,20,1037,1034,1032,19,14,10,29,14,45,0.00,,,91
2015-3-18,9,4,-1,-4,-7,-10,80,42,19,1033,1030,1027,31,19,10,32,19,52,0.00,,,86
2015-3-19,9,3,-3,-2,-4,-6,93,61,25,1029,1027,1026,19,12,7,24,11,,0.00,1,,82
2015-3-20,10,3,-4,-1,-4,-7,100,62,26,1029,1024,1018,19,9,4,16,5,,0.00,,,168
2015-3-21,14,8,1,-1,-3,-6,75,47,16,1021,1014,1011,19,11,6,21,13,,0.00,,,226
2015-3-22,2,-1,-4,2,-3,-7,100,72,36,1027,1022,1014,19,10,3,27,10,,0.00,6,deszcz,12
2015-3-23,10,2,-7,-3,-6,-10,93,58,22,1026,1019,1014,19,10,6,23,6,,0.00,,,118
2015-3-24,16,7,-3,2,-2,-7,93,53,19,1016,1012,1009,19,10,3,26,8,39,0.00,,,176
2015-3-25,18,9,0,5,3,-2,92,56,22,1013,1010,1009,19,11,6,18,8,,0.00,8,mgła,125
2015-3-26,17,12,8,10,7,4,94,73,40,1010,1008,1007,31,11,3,21,8,,0.00,5,mgła-deszcz,147
2015-3-27,9,7,5,9,6,3,100,91,68,1017,1011,1006,10,5,1,24,8,,11.94,6,deszcz,285
2015-3-28,8,6,3,4,2,1,100,77,47,1019,1017,1014,19,9,4,23,11,,0.00,4,deszcz,297
2015-3-29,11,4,-2,7,3,-2,100,80,49,1016,1007,996,19,7,0,26,10,,1.02,5,mgła-deszcz,208
2015-3-30,10,7,3,7,3,-1,93,76,47,1005,995,990,19,12,3,48,21,72,11.94,5,deszcz-grad-burza z wyładowaniami,236
2015-3-31,8,4,1,6,1,-3,100,73,51,1008,998,990,31,12,1,53,23,80,7.11,5,deszcz-śnieg-burza z wyładowaniami,229
2015-4-1,6,4,2,4,-2,-4,100,60,42,1010,1002,996,19,13,8,55,34,76,2.03,5,deszcz-śnieg-grad,263
2015-4-2,3,1,-1,2,-1,-4,100,85,66,1010,1005,999,19,9,2,34,21,52,6.10,5,deszcz-śnieg-burza z wyładowaniami,250
2015-4-3,6,3,0,1,-2,-6,100,80,34,1017,1013,1008,19,11,1,32,18,40,1.02,5,śnieg-grad,279
2015-4-4,7,2,-2,1,-2,-8,100,80,32,1016,1013,1011,31,10,1,23,10,,0.00,4,mgła-śnieg,266
2015-4-5,4,1,-3,0,-2,-3,100,81,47,1022,1018,1014,19,10,1,21,8,,0.00,5,mgła-deszcz-śnieg,292
2015-4-6,5,1,-3,1,-2,-4,100,82,42,1029,1022,1019,19,10,2,26,10,,0.00,4,deszcz-śnieg,327
2015-4-7,9,4,-2,2,-1,-4,100,69,28,1032,1029,1025,19,11,3,27,10,,0.00,3,deszcz-śnieg-grad,318
2015-4-8,8,7,5,5,3,0,100,77,57,1031,1026,1023,14,9,3,23,13,,0.51,7,deszcz,309
2015-4-9,13,8,2,4,-3,-11,93,51,12,1034,1030,1027,19,14,10,19,10,27,0.00,5,,95
2015-4-10,18,8,-2,5,1,-7,87,53,19,1029,1025,1022,19,13,6,23,6,,0.00,,mgła,212
2015-4-11,20,11,2,5,2,-2,93,50,19,1024,1021,1019,31,15,6,21,10,,0.25,8,mgła,186
2015-4-12,16,11,4,7,2,-6,82,49,14,1029,1026,1021,31,17,10,32,11,42,0.00,3,deszcz,267
2015-4-13,16,10,4,7,1,-6,93,55,19,1028,1023,1020,19,16,10,45,14,64,0.00,3,deszcz,255
2015-4-14,12,7,2,1,-3,-8,81,47,13,1028,1024,1020,19,15,10,34,14,47,0.00,3,deszcz,267
2015-4-15,20,14,8,7,4,-2,63,46,26,1022,1016,1012,19,15,10,35,16,47,0.00,3,deszcz,239
2015-4-16,19,13,8,9,6,3,94,60,28,1013,1011,1010,31,15,10,32,14,47,0.00,3,deszcz,249
2015-4-17,13,9,5,6,1,-4,100,56,20,1013,1011,1010,31,13,0,23,10,32,0.00,4,mgła,303
2015-4-18,7,4,1,2,-1,-3,93,68,33,1023,1018,1013,31,15,10,29,13,40,0.25,5,deszcz,317
2015-4-19,12,7,1,1,-1,-3,93,61,23,1023,1020,1018,31,15,10,27,11,,0.00,4,deszcz,276
2015-4-20,15,9,3,2,-2,-7,93,51,17,1022,1018,1016,19,14,10,40,14,61,0.00,2,,312
2015-4-21,18,10,2,1,-2,-6,80,43,14,1024,1020,1016,31,21,10,37,13,50,0.00,1,,309
2015-4-22,17,8,0,2,-1,-4,93,51,13,1024,1022,1020,31,20,10,14,5,,0.00,1,,319
2015-4-23,19,10,1,4,1,-3,95,55,17,1022,1018,1014,19,14,10,24,5,,0.00,,mgła,244
2015-4-24,21,13,5,7,4,2,93,55,19,1016,1014,1012,19,15,8,21,5,,0.00,1,,235
2015-4-25,22,14,6,7,4,2,87,48,16,1015,1012,1010,19,17,6,26,10,37,0.00,,mgła,201
2015-4-26,19,14,8,13,8,5,100,64,33,1011,1009,1008,19,13,0,24,8,,0.00,3,mgła-deszcz-burza z wyładowaniami,227
2015-4-27,24,14,6,11,8,5,100,61,24,1009,1005,1003,31,12,0,29,8,32,0.00,1,mgła,147
2015-4-28,20,13,5,14,8,4,94,69,42,1014,1005,1002,31,14,8,35,10,55,0.25,5,deszcz-burza z wyładowaniami,202
2015-4-29,11,7,2,3,1,-5,93,69,22,1022,1020,1014,19,13,8,35,14,53,0.00,4,deszcz,299
2015-4-30,16,9,1,5,1,-2,93,56,20,1023,1017,1013,19,17,8,21,8,,0.00,7,deszcz,142
2015-5-1,14,10,6,9,6,4,100,72,44,1014,1009,1006,31,12,2,29,10,,0.25,6,deszcz,203
2015-5-2,16,10,3,8,3,-3,100,66,19,1015,1010,1006,31,10,1,16,5,,0.00,5,mgła-deszcz,1
2015-5-3,18,9,1,6,2,-2,93,55,20,1016,1013,1011,31,23,10,18,5,,0.00,,,127
2015-5-4,21,14,9,13,10,4,94,73,52,1014,1012,1010,31,13,6,21,8,,0.00,5,deszcz,194
2015-5-5,25,17,8,14,12,7,100,69,34,1014,1011,1008,31,12,1,19,8,,0.00,3,mgła,148
2015-5-6,17,14,13,15,14,12,100,88,67,1015,1012,1010,31,10,3,24,8,,10.92,6,deszcz,286
2015-5-7,19,14,9,13,8,1,100,66,21,1020,1017,1014,31,11,1,29,11,,0.00,4,deszcz,271
2015-5-8,18,11,3,8,4,-2,98,61,15,1023,1019,1017,31,19,10,13,5,,0.00,1,mgła,95
2015-5-9,20,13,7,9,6,2,93,59,22,1018,1017,1017,31,21,10,16,6,,0.00,1,,68
2015-5-10,18,14,10,11,8,3,94,69,30,1027,1021,1017,31,14,6,35,13,42,0.51,3,deszcz,290
2015-5-11,17,12,8,6,3,0,82,55,19,1030,1028,1026,31,18,10,14,8,,0.00,5,,333
2015-5-12,23,13,4,7,4,1,93,51,17,1028,1022,1015,31,24,14,24,10,,0.00,8,,189
2015-5-13,18,13,8,11,6,-1,82,52,28,1021,1016,1012,31,18,10,27,14,,0.00,5,deszcz,272
2015-5-14,13,9,4,9,6,3,94,77,41,1013,1010,1007,31,13,6,27,6,42,2.03,5,deszcz,273
2015-5-15,16,9,1,6,3,-1,99,65,20,1019,1014,1012,31,17,10,19,5,,0.00,2,mgła,267
2015-5-16,20,11,2,8,4,0,97,57,18,1021,1019,1017,31,18,8,26,8,,0.00,,mgła,234
2015-5-17,16,11,7,9,4,1,94,57,28,1023,1020,1018,31,16,10,39,16,58,0.00,5,deszcz,276
2015-5-18,20,11,1,7,3,-1,88,52,22,1023,1016,1010,31,24,10,21,8,,0.00,3,,214
2015-5-19,24,17,8,14,10,5,95,62,29,1011,1009,1007,31,16,10,26,10,,3.05,1,deszcz-burza z wyładowaniami,194
2015-5-20,21,16,10,16,13,9,100,86,62,1016,1010,1008,19,8,0,29,8,,5.08,5,mgła-deszcz-burza z wyładowaniami,321
2015-5-21,13,11,9,10,9,8,100,88,66,1024,1019,1014,31,9,4,14,8,,0.25,6,deszcz,341
2015-5-22,16,12,9,10,8,6,100,77,41,1025,1023,1021,31,11,2,21,8,,0.00,5,deszcz,53
2015-5-23,14,12,10,10,9,7,100,80,56,1022,1018,1016,31,14,4,21,10,,4.06,7,deszcz,35
2015-5-24,14,12,9,11,9,9,100,87,62,1020,1018,1016,31,10,3,16,8,,0.76,6,mgła-deszcz,46
2015-5-25,17,12,7,13,11,7,100,84,58,1018,1013,1009,31,11,1,19,5,,0.25,6,mgła-deszcz,45
2015-5-26,15,13,11,14,12,8,100,92,75,1013,1010,1008,31,6,2,26,6,40,7.11,6,deszcz,303
2015-5-27,13,11,8,8,4,3,82,65,42,1019,1016,1012,31,18,10,27,14,,0.00,5,,305
2015-5-28,14,10,6,6,4,2,87,65,36,1020,1017,1015,31,17,10,19,10,,0.00,5,,262
2015-5-29,21,12,2,10,6,2,97,61,28,1017,1014,1011,31,18,5,19,8,,0.00,,mgła,196
2015-5-30,22,16,9,13,10,7,95,68,34,1016,1012,1011,31,15,6,32,13,53,2.03,2,mgła-deszcz-burza z wyładowaniami,219
2015-5-31,19,13,7,12,6,1,100,61,26,1021,1018,1016,31,23,10,27,10,,0.00,3,,253
2015-6-1,25,18,11,14,11,7,94,62,30,1018,1017,1016,31,19,10,26,11,45,0.00,2,,180
2015-6-2,26,19,12,18,14,12,94,65,38,1019,1017,1016,31,15,10,26,8,,2.03,1,mgła-deszcz-burza z wyładowaniami,206
2015-6-3,28,22,15,16,14,10,79,55,27,1021,1019,1017,31,26,19,32,13,42,0.00,,,226
2015-6-4,22,16,10,12,8,3,82,51,21,1028,1026,1021,31,24,10,16,10,,0.00,2,,4
2015-6-5,23,14,7,8,6,3,94,51,20,1029,1026,1024,31,27,19,24,8,,0.00,,,96
2015-6-6,29,19,9,27,10,6,94,50,20,1025,1023,1021,31,25,19,19,10,,0.00,,,146
2015-6-7,28,21,13,16,14,11,91,58,33,1025,1024,1023,31,20,10,23,8,37,0.00,1,mgła,298
2015-6-8,21,17,13,13,9,7,85,62,39,1025,1023,1021,31,17,10,23,10,,1.02,4,deszcz-burza z wyładowaniami,35
2015-6-9,20,16,12,13,11,8,94,75,46,1025,1022,1020,31,14,10,26,11,39,0.00,6,deszcz-burza z wyładowaniami,25
2015-6-10,21,17,12,11,9,8,88,65,41,1026,1024,1023,31,16,10,14,8,,0.00,6,,20
2015-6-11,24,17,11,12,11,9,93,60,31,1023,1021,1017,31,16,10,13,5,,0.00,4,,41
2015-6-12,29,21,12,16,13,10,94,56,24,1019,1015,1011,31,18,10,24,10,39,0.00,2,burza z wyładowaniami,124
2015-6-13,31,24,18,17,14,11,78,50,20,1013,1010,1007,31,20,10,24,10,,0.00,1,deszcz-burza z wyładowaniami,204
2015-6-14,28,22,16,17,15,12,94,64,30,1011,1010,1008,31,17,1,40,11,77,3.05,4,deszcz-burza z wyładowaniami,263
2015-6-15,19,17,14,17,14,11,100,89,69,1016,1012,1008,19,10,2,19,8,,0.00,6,deszcz-burza z wyładowaniami,333
2015-6-16,18,15,12,12,6,4,88,55,26,1020,1018,1016,31,19,10,23,8,,0.00,3,,340
2015-6-17,17,13,8,9,7,4,93,61,31,1021,1020,1019,31,21,10,14,6,,0.00,2,,338
2015-6-18,20,13,6,11,7,4,100,65,32,1020,1014,1010,31,21,10,21,8,,0.00,4,mgła-deszcz,211
2015-6-19,16,12,9,13,9,6,100,76,45,1015,1012,1010,31,12,3,23,8,,2.03,4,deszcz,287
2015-6-20,17,12,7,11,8,3,100,79,48,1016,1014,1014,31,14,3,26,6,,7.11,3,mgła-deszcz-burza z wyładowaniami,260
2015-6-21,16,12,7,12,9,6,100,85,52,1017,1016,1015,31,11,1,27,8,,4.06,4,mgła-deszcz-burza z wyładowaniami,252
2015-6-22,19,13,7,13,10,6,95,77,50,1017,1013,1010,31,15,6,29,13,,2.03,4,mgła-deszcz,186
2015-6-23,17,13,9,12,10,6,100,80,43,1015,1009,1007,31,13,4,29,14,42,1.02,5,deszcz,212
2015-6-24,18,12,6,9,7,6,100,66,33,1023,1019,1014,31,18,10,21,8,,0.00,3,mgła,267
2015-6-25,18,12,7,11,7,5,100,66,32,1025,1023,1022,31,16,10,11,5,,0.00,4,mgła,314
2015-6-26,23,17,11,13,10,8,100,65,28,1023,1020,1017,31,17,8,14,5,,0.00,3,mgła,312
2015-6-27,22,18,14,14,12,10,94,70,37,1018,1015,1014,31,15,10,19,5,,0.00,6,deszcz,272
2015-6-28,19,17,14,16,14,13,100,87,65,1022,1017,1015,31,10,2,24,6,,0.00,6,deszcz,280
2015-6-29,20,16,12,13,12,9,94,75,41,1023,1021,1021,31,13,4,21,8,,0.00,6,,291
2015-6-30,25,17,8,16,11,6,100,68,26,1023,1021,1020,31,13,2,21,5,48,7.11,1,mgła-deszcz,78
2015-7-1,26,19,12,16,12,9,100,63,26,1025,1023,1021,31,15,3,13,5,,0.00,2,mgła,18
2015-7-2,26,18,10,13,10,8,100,57,23,1027,1026,1025,31,24,10,18,6,,0.00,,mgła,74
2015-7-3,28,19,11,12,10,6,94,51,15,1029,1028,1026,31,31,31,21,10,40,0.00,,,92
2015-7-4,31,21,12,15,12,9,89,52,18,1028,1024,1020,31,24,19,19,6,,0.00,,,124
2015-7-5,33,24,14,16,13,9,88,49,14,1021,1018,1015,31,21,10,13,5,,0.00,,,79
2015-7-6,32,24,17,17,16,14,90,57,25,1020,1016,1015,31,19,10,27,8,37,0.00,1,,310
2015-7-7,31,22,13,17,12,10,95,53,18,1020,1016,1008,31,23,10,19,6,32,0.00,,mgła,159
2015-7-8,25,21,17,19,17,14,94,77,46,1011,1008,1005,31,13,4,29,14,,4.06,3,deszcz-burza z wyładowaniami,215
2015-7-9,23,17,10,16,10,7,94,68,29,1019,1013,1011,31,18,10,45,11,63,0.00,3,mgła-deszcz-burza z wyładowaniami,249
2015-7-10,18,13,8,8,4,1,90,56,23,1021,1019,1018,31,22,10,37,16,50,0.00,4,,274
2015-7-11,22,15,8,8,4,2,87,52,16,1021,1018,1015,31,21,3,27,11,40,0.00,1,,263
2015-7-12,26,17,8,14,8,2,93,53,19,1017,1015,1012,31,22,10,19,6,37,0.00,5,deszcz,259
2015-7-13,19,17,13,15,14,12,100,87,60,1015,1014,1013,31,11,3,24,11,,1.02,5,deszcz,268
2015-7-14,22,18,13,18,14,13,94,85,50,1015,1014,1013,31,11,2,26,11,,4.06,4,deszcz,252
2015-7-15,23,18,13,16,14,12,100,75,42,1020,1017,1013,31,14,7,23,11,50,0.00,4,deszcz,295
2015-7-16,27,19,11,15,13,10,100,64,29,1021,1019,1017,31,19,2,23,6,32,0.00,1,mgła,210
2015-7-17,31,23,15,17,14,11,94,58,19,1018,1017,1015,31,25,14,26,6,48,0.00,,,282
2015-7-18,32,24,16,22,17,14,95,68,28,1018,1016,1013,31,14,6,32,8,53,8.89,2,mgła-deszcz-burza z wyładowaniami,156
2015-7-19,32,24,17,19,18,14,100,69,25,1017,1012,1006,31,15,6,35,8,63,6.10,3,deszcz-burza z wyładowaniami,175
2015-7-20,26,20,15,19,13,8,94,62,23,1016,1013,1008,31,18,10,32,13,47,0.00,3,deszcz-burza z wyładowaniami,281
2015-7-21,30,21,12,18,14,10,94,65,31,1017,1015,1012,31,18,10,27,8,34,0.00,2,mgła-deszcz,170
2015-7-22,32,24,17,18,16,13,100,58,22,1017,1015,1011,31,25,6,14,5,,0.00,3,mgła,120
2015-7-23,28,24,21,19,17,14,73,57,41,1016,1012,1010,31,18,10,27,11,39,0.00,3,deszcz,306
2015-7-24,28,24,19,17,15,13,83,57,36,1017,1014,1011,31,24,10,27,10,,0.00,4,,83
2015-7-25,32,26,20,19,17,14,88,63,28,1012,1007,1004,31,18,10,35,16,50,0.76,1,deszcz-burza z wyładowaniami,162
2015-7-26,22,18,12,17,9,4,90,55,21,1014,1012,1008,31,17,10,27,14,,0.00,4,deszcz-burza z wyładowaniami,285
2015-7-27,21,16,11,14,11,8,82,68,43,1012,1007,1004,31,19,10,26,13,35,0.00,3,deszcz,162
2015-7-28,24,19,13,13,11,7,94,62,26,1009,1007,1006,31,25,3,45,18,58,0.00,2,deszcz,233
2015-7-29,22,18,13,13,11,7,94,64,31,1011,1009,1007,31,19,6,26,10,53,0.25,3,deszcz,218
2015-7-30,23,17,9,12,7,2,94,54,17,1015,1012,1010,31,24,10,35,14,52,0.00,5,deszcz,251
2015-7-31,22,14,7,8,6,3,93,55,21,1020,1017,1015,31,26,10,23,6,,0.00,2,,320
2015-8-1,24,16,6,8,6,3,93,49,17,1021,1019,1017,31,29,19,19,8,,0.00,,,102
2015-8-2,26,19,13,15,9,6,75,49,18,1021,1020,1019,31,28,10,16,6,,0.00,3,deszcz,135
2015-8-3,30,21,12,15,12,9,96,56,20,1021,1020,1017,31,23,3,14,6,,0.00,,,90
2015-8-4,32,24,18,17,14,13,76,54,23,1019,1016,1013,31,22,10,27,8,,0.00,1,burza z wyładowaniami,101
2015-8-5,31,23,16,19,16,13,94,65,24,1019,1017,1015,31,15,6,26,8,47,3.05,2,deszcz-burza z wyładowaniami,302
2015-8-6,32,23,14,19,16,13,96,63,24,1020,1018,1016,31,13,5,14,5,,0.00,,mgła,88
2015-8-7,33,25,17,19,16,12,94,57,18,1020,1019,1017,19,14,6,21,8,,0.00,,mgła,92
2015-8-8,35,26,17,19,16,12,88,51,16,1019,1018,1016,31,20,10,23,8,,0.00,,,147
2015-8-9,34,17,0,17,15,12,83,48,17,1019,1017,1015,31,20,10,19,6,47,0.00,1,burza z wyładowaniami,128
2015-8-10,33,25,17,20,17,14,94,63,25,1017,1016,1013,19,13,7,95,6,45,0.25,3,deszcz-burza z wyładowaniami,69
2015-8-11,34,26,18,18,16,12,100,56,17,1017,1015,1013,19,14,10,19,6,,0.00,1,mgła-burza z wyładowaniami,75
2015-8-12,34,27,19,20,17,11,88,61,19,1019,1017,1016,19,12,8,21,5,37,0.00,3,mgła-deszcz-burza z wyładowaniami,251
2015-8-13,32,24,16,17,14,11,100,54,19,1020,1018,1015,31,20,10,21,8,,0.00,,,31
2015-8-14,31,24,18,17,15,13,83,52,26,1017,1014,1010,19,16,10,29,13,45,0.00,,,88
2015-8-15,34,26,18,18,14,11,78,53,17,1011,1009,1006,19,15,10,34,13,53,2.03,2,deszcz-burza z wyładowaniami,90
2015-8-16,27,22,17,20,17,14,100,80,35,1012,1010,1008,19,11,2,26,8,,2.03,3,deszcz-burza z wyładowaniami,70
2015-8-17,21,18,15,19,16,13,100,82,60,1011,1010,1008,19,10,2,21,8,,3.05,4,mgła-deszcz,69
2015-8-18,25,21,17,14,11,7,72,50,32,1016,1012,1010,31,23,10,39,19,52,0.00,1,,78
2015-8-19,23,18,13,8,6,2,72,42,18,1021,1017,1016,31,26,19,34,18,53,0.00,,,70
2015-8-20,23,18,12,6,4,1,62,39,16,1025,1023,1021,31,30,19,37,19,58,0.00,,,70
2015-8-21,23,17,10,8,6,3,82,45,18,1026,1025,1023,31,28,19,26,13,37,0.00,,,81
2015-8-22,22,15,8,13,8,6,87,59,26,1025,1022,1020,31,19,10,23,8,,2.03,1,deszcz,59
2015-8-23,24,18,11,12,10,8,88,58,25,1020,1017,1014,31,23,10,167,11,,0.00,6,deszcz,98
2015-8-24,27,18,10,13,11,8,96,56,23,1016,1014,1013,31,26,10,26,10,42,0.00,,mgła,131
2015-8-25,23,18,13,15,13,12,95,74,47,1021,1016,1012,31,15,3,26,11,45,3.05,5,mgła-deszcz,173
2015-8-26,24,17,9,14,10,7,100,67,21,1023,1021,1019,31,13,1,14,5,,0.00,1,mgła,127
2015-8-27,29,21,12,14,12,9,94,55,21,1020,1017,1014,31,24,10,26,11,,0.00,,mgła,178
2015-8-28,32,23,13,17,15,13,96,60,24,1021,1016,1014,31,16,8,34,11,37,0.00,2,mgła,208
2015-8-29,24,20,16,18,16,14,100,79,50,1026,1024,1021,19,10,3,11,6,,0.00,5,deszcz,25
2015-8-30,34,24,16,18,15,12,100,61,18,1025,1021,1017,31,11,2,16,6,,0.00,,mgła,120
2015-8-31,34,26,17,17,14,10,90,51,14,1019,1015,1012,31,22,10,23,8,,0.00,,mgła,154
2015-9-1,34,26,18,14,13,11,68,41,15,1012,1009,1006,31,24,19,27,11,,0.00,,,198
2015-9-2,18,14,11,17,13,10,94,75,45,1017,1014,1008,31,16,2,24,10,39,0.25,5,deszcz,298
2015-9-3,22,17,12,12,11,9,94,64,40,1017,1015,1013,31,18,10,19,6,,0.25,3,,107
2015-9-4,19,16,11,14,12,9,100,83,44,1015,1013,1011,31,11,3,19,11,,0.00,5,deszcz-burza z wyładowaniami,312
2015-9-5,22,16,10,12,8,4,100,66,25,1015,1012,1010,31,11,2,27,8,,0.00,5,mgła,214
2015-9-6,17,13,10,9,7,3,94,72,31,1015,1012,1010,31,15,5,40,14,61,3.05,6,deszcz,254
2015-9-7,16,11,7,9,7,3,94,69,33,1021,1017,1014,31,16,10,37,23,53,2.03,5,deszcz,277
2015-9-8,16,11,6,11,6,2,100,72,29,1022,1020,1019,31,15,6,27,11,40,1.02,5,deszcz,264
2015-9-9,16,12,8,10,8,6,100,81,44,1025,1023,1020,31,11,1,14,6,,0.00,4,mgła-deszcz,2
2015-9-10,18,12,6,12,8,4,100,73,39,1025,1023,1021,31,14,1,32,8,42,3.05,3,mgła-deszcz,67
2015-9-11,19,16,12,12,10,8,100,71,42,1024,1022,1021,31,14,7,24,10,,0.00,5,deszcz,82
2015-9-12,22,16,11,12,10,8,89,67,32,1022,1021,1020,31,14,10,19,8,,0.00,4,,138
2015-9-13,24,17,9,12,10,8,100,70,33,1022,1019,1016,31,7,1,21,10,34,0.00,2,mgła,108
2015-9-14,26,18,10,16,11,9,94,64,28,1016,1012,1009,31,13,6,29,16,48,0.00,4,deszcz,131
2015-9-15,23,18,12,18,15,11,100,81,56,1014,1012,1009,19,10,2,19,10,,0.00,3,mgła-deszcz,142
2015-9-16,27,21,14,17,15,12,100,68,35,1010,1007,1005,31,14,1,29,11,52,0.00,3,mgła-deszcz-burza z wyładowaniami,154
2015-9-17,29,21,13,17,15,13,98,63,28,1006,1005,1003,31,20,10,29,10,,0.00,1,mgła,157
2015-9-18,21,16,12,16,11,10,89,64,40,1020,1016,1007,31,19,10,37,13,64,2.03,2,deszcz,312
2015-9-19,19,16,13,14,13,11,100,83,55,1022,1021,1019,19,9,3,11,5,,0.00,5,deszcz,40
2015-9-20,16,12,8,14,11,7,100,83,52,1020,1018,1017,31,10,0,24,6,,0.00,4,mgła-deszcz,291
2015-9-21,16,10,5,8,7,4,100,75,36,1019,1017,1016,31,15,10,24,10,,0.00,5,,267
2015-9-22,19,11,3,8,6,2,100,69,28,1017,1012,1008,31,14,2,27,8,34,0.00,1,mgła,118
2015-9-23,22,16,10,12,9,7,94,66,34,1014,1010,1007,31,16,4,19,8,,0.00,2,,126
2015-9-24,19,14,9,11,10,6,100,79,50,1019,1017,1014,31,11,1,16,6,,0.00,3,mgła,302
2015-9-25,18,16,12,10,8,7,88,62,42,1019,1017,1016,31,16,10,23,8,,0.00,6,deszcz,329
2015-9-26,13,12,11,11,9,8,94,82,58,1024,1020,1018,19,11,5,14,8,,3.05,6,deszcz,316
2015-9-27,16,10,5,8,7,4,100,72,39,1031,1027,1023,31,17,8,19,6,,0.00,3,mgła,331
2015-9-28,16,9,2,8,4,0,100,73,30,1034,1032,1030,31,13,0,19,5,,0.00,2,mgła,24
2015-9-29,14,10,6,8,5,2,100,71,36,1036,1034,1033,31,15,0,26,8,,0.00,4,mgła,34
2015-9-30,12,7,1,5,3,0,100,64,37,1036,1035,1034,31,17,8,24,8,,0.00,4,deszcz,56
2015-10-1,15,7,-1,7,2,-3,100,73,36,1037,1033,1031,31,12,2,14,3,,0.00,1,mgła,79
2015-10-2,19,9,-2,7,2,-3,100,71,25,1033,1028,1025,31,9,3,8,3,,0.00,,mgła,131
2015-10-3,21,11,2,9,6,0,100,68,28,1027,1021,1018,31,11,1,24,8,,0.00,,mgła,129
2015-10-4,23,16,9,11,10,8,94,65,30,1018,1016,1014,31,25,10,29,11,29,0.00,,mgła,194
2015-10-5,21,14,6,12,8,5,100,73,29,1017,1016,1015,31,10,3,14,5,,0.00,4,mgła,332
2015-10-6,19,12,5,12,8,2,100,78,44,1016,1013,1011,19,7,0,19,5,,0.00,3,mgła,88
2015-10-7,14,10,6,12,7,-1,94,72,43,1019,1016,1013,31,9,3,32,19,,0.00,6,deszcz,86
2015-10-8,14,8,2,4,1,-1,93,64,43,1021,1019,1017,31,17,10,16,11,,0.00,2,,71
2015-10-9,11,6,1,1,-2,-4,100,58,26,1025,1022,1020,31,18,10,21,10,,0.00,,mgła,67
2015-10-10,11,6,1,5,-4,-6,93,48,22,1025,1022,1021,31,24,19,32,16,47,0.00,,,69
2015-10-11,8,4,0,-4,-5,-6,65,49,26,1022,1020,1018,31,17,10,29,18,47,0.00,6,,56
2015-10-12,3,2,0,1,-1,-5,100,87,44,1021,1019,1018,31,6,1,26,14,39,3.05,7,deszcz-śnieg,51
2015-10-13,5,3,1,3,2,0,100,93,76,1022,1020,1018,6,4,0,14,6,,0.00,7,mgła-deszcz,108
2015-10-14,9,7,4,7,4,3,100,88,72,1021,1019,1017,10,7,3,23,14,,0.00,7,deszcz,79
2015-10-15,10,8,6,8,6,4,100,91,82,1019,1016,1015,10,7,3,27,14,,3.05,6,deszcz,85
2015-10-16,15,11,7,13,10,7,100,92,72,1018,1016,1014,19,6,0,21,11,,0.51,5,mgła-deszcz,94
2015-10-17,13,11,8,12,10,8,100,95,83,1019,1017,1016,10,4,0,16,6,,3.05,5,mgła-deszcz,253
2015-10-18,11,7,2,9,6,2,100,88,47,1020,1018,1017,19,6,0,19,10,,0.00,6,mgła,233
2015-10-19,12,7,2,6,4,1,100,83,45,1020,1019,1017,19,6,1,14,5,,0.00,4,mgła,44
2015-10-20,7,4,3,6,4,-1,100,94,80,1020,1017,1016,6,3,0,13,5,,0.51,7,mgła-deszcz,296
2015-10-21,8,7,6,7,6,6,100,94,82,1018,1016,1015,10,5,2,16,10,,1.02,7,deszcz,279
2015-10-22,9,7,5,7,5,3,100,86,66,1018,1016,1015,10,7,3,14,10,,0.00,6,deszcz,245
2015-10-23,11,8,6,9,6,4,100,82,55,1025,1019,1015,19,9,1,27,14,,0.00,7,deszcz,262
2015-10-24,13,8,3,7,5,2,100,77,46,1025,1023,1020,19,10,1,16,8,,0.00,6,mgła,214
2015-10-25,11,6,1,7,6,1,95,83,62,1026,1022,1019,10,9,3,24,11,,0.00,7,mgła-deszcz,240
2015-10-26,11,6,0,8,4,0,100,87,51,1029,1026,1025,10,6,0,10,5,,0.00,5,mgła,355
2015-10-27,13,6,-1,6,1,-5,100,76,18,1028,1025,1022,31,8,1,21,8,,0.00,,mgła,89
2015-10-28,16,7,-2,4,1,-2,100,67,20,1024,1019,1016,19,9,3,27,8,,0.00,,mgła,92
2015-10-29,14,7,1,7,4,0,100,80,43,1025,1020,1016,10,7,2,11,5,,0.00,3,mgła,86
2015-10-30,14,7,1,8,4,0,100,86,51,1034,1029,1024,10,4,0,13,5,,0.00,,mgła,70
2015-10-31,9,4,-1,8,3,-1,100,93,62,1040,1036,1033,8,1,0,14,6,,0.00,6,mgła,104
2015-11-1,14,6,-2,7,2,-2,100,73,37,1041,1037,1033,14,5,0,27,10,,0.00,,mgła,192
2015-11-2,15,7,-2,-1,-3,-6,92,54,15,1035,1031,1028,19,12,6,27,13,,0.00,,mgła,223
2015-11-3,14,6,-4,1,-3,-5,97,66,19,1031,1025,1021,14,7,3,16,5,,0.00,,,127
2015-11-4,14,6,-2,4,-1,-5,97,76,28,1024,1021,1020,10,5,3,19,6,,0.00,,mgła,128
2015-11-5,11,3,-3,4,0,-5,100,85,45,1025,1022,1021,5,2,0,10,3,,0.00,3,mgła,62
2015-11-6,12,5,-2,6,2,-2,100,87,53,1027,1024,1023,5,2,0,11,5,,0.00,6,mgła,136
2015-11-7,13,8,3,12,8,3,100,91,60,1026,1024,1022,10,3,0,19,8,,2.03,6,mgła-deszcz,211
2015-11-8,16,10,4,12,8,2,100,78,39,1028,1025,1022,31,10,1,39,16,58,0.00,5,mgła-deszcz,248
2015-11-9,12,7,1,12,7,0,100,93,68,1027,1020,1016,10,7,0,26,10,,3.05,4,mgła-deszcz,220
2015-11-10,14,12,10,11,9,8,100,82,63,1020,1017,1015,31,12,5,40,21,60,2.03,7,deszcz,259
2015-11-11,14,13,12,12,11,9,100,89,68,1024,1020,1017,31,10,2,34,19,,0.25,7,deszcz,261
2015-11-12,12,9,6,12,8,4,100,82,56,1029,1024,1021,19,9,4,29,13,45,0.00,6,deszcz,250
2015-11-13,12,6,1,7,4,-1,100,83,61,1029,1024,1019,14,7,1,34,10,52,0.51,3,mgła,190
2015-11-14,9,7,4,8,2,-3,100,72,31,1024,1021,1018,31,14,3,39,21,47,0.00,4,deszcz,249
2015-11-15,11,8,4,10,5,1,100,89,65,1021,1010,1002,31,9,3,35,21,,7.87,7,deszcz,227
2015-11-16,9,7,5,10,7,5,100,95,89,1016,1013,1004,10,5,0,29,10,,2.03,7,mgła-deszcz,195
2015-11-17,11,9,6,8,7,6,100,88,71,1015,1012,1009,19,9,0,29,11,,0.51,4,mgła-deszcz,210
2015-11-18,14,10,6,10,7,3,93,76,49,1017,1009,1004,31,15,3,47,24,66,6.10,5,deszcz-burza z wyładowaniami,245
2015-11-19,12,8,5,9,6,3,93,78,56,1016,1011,1007,31,13,6,39,19,48,5.08,5,deszcz,224
2015-11-20,8,7,5,7,5,4,100,89,74,1009,1003,995,31,10,3,24,13,,1.02,6,deszcz,243
2015-11-21,4,2,1,4,2,0,100,92,75,997,995,994,14,8,2,16,6,,0.51,6,deszcz-śnieg,277
2015-11-22,3,1,-1,2,1,-1,100,92,72,1012,1001,995,10,5,0,13,5,,1.02,6,mgła-deszcz-śnieg,269
2015-11-23,4,1,-2,1,-2,-4,100,85,48,1026,1018,1010,31,8,2,27,10,,0.76,5,deszcz-śnieg,224
2015-11-24,3,-1,-4,-2,-3,-6,94,82,52,1028,1023,1018,31,9,3,16,11,,0.00,4,śnieg,210
2015-11-25,4,-1,-5,-3,-4,-6,93,73,42,1021,1011,1007,31,10,3,23,11,,0.00,6,,169
2015-11-26,3,-1,-5,-1,-3,-5,100,80,54,1022,1012,1007,9,5,0,14,6,,0.00,4,mgła-śnieg,101
2015-11-27,2,-2,-5,-1,-3,-8,100,87,60,1022,1019,1014,10,6,0,14,6,,0.00,6,mgła,65
2015-11-28,2,0,-1,0,-2,-3,100,84,65,1016,1011,1007,10,6,1,24,10,,0.51,7,deszcz-śnieg,209
2015-11-29,4,2,-1,2,0,-2,100,83,56,1017,1014,1010,19,10,2,32,19,,0.00,6,deszcz-śnieg,228
2015-11-30,8,4,1,5,2,-3,100,76,39,1016,1011,1006,31,14,4,47,26,64,4.06,5,deszcz,245
2015-12-1,8,6,2,7,2,-1,100,80,55,1023,1014,1004,31,12,5,42,23,72,0.51,6,deszcz,267
2015-12-2,8,5,2,8,3,0,100,90,67,1029,1025,1022,19,7,1,23,13,,3.05,7,deszcz,255
2015-12-3,8,3,-1,6,4,-1,100,90,67,1034,1030,997,14,7,1,55,6,,0.00,6,mgła-deszcz,222
2015-12-4,9,3,-2,4,2,-2,100,83,58,1033,1029,1025,19,7,0,45,14,63,0.25,6,mgła-deszcz,200
2015-12-5,9,4,1,5,3,1,100,82,54,1035,1031,1028,31,9,0,34,16,47,0.00,4,mgła,220
2015-12-6,8,6,3,4,3,2,93,80,58,1031,1028,1026,14,11,10,40,27,52,0.00,4,,222
2015-12-7,7,5,3,6,3,1,100,87,75,1038,1033,1028,14,7,1,29,18,,0.00,6,deszcz,221
2015-12-8,8,6,4,7,6,3,100,92,77,1038,1035,1032,8,4,1,11,5,,0.00,7,mgła-deszcz,129
2015-12-9,5,4,3,5,3,1,100,88,71,1035,1031,1030,31,8,1,26,11,,1.02,7,deszcz,222
2015-12-10,6,2,-1,6,3,-2,100,92,75,1038,1035,1031,10,7,1,19,8,,0.00,6,mgła-deszcz,257
2015-12-11,6,2,-2,1,-2,-4,90,70,42,1034,1026,1020,19,11,6,39,19,60,0.51,6,deszcz,215
2015-12-12,7,3,1,3,1,-2,93,80,61,1024,1021,1018,14,9,3,35,19,,1.02,6,deszcz,238
2015-12-13,8,4,1,4,2,-1,100,82,59,1024,1016,1010,31,11,4,42,19,69,2.03,6,deszcz,233
2015-12-14,3,0,-3,1,-2,-4,100,82,53,1029,1026,1022,19,11,4,16,8,,0.00,6,deszcz,252
2015-12-15,4,1,-2,2,-1,-4,93,83,70,1029,1026,1024,10,7,1,26,11,,0.00,6,deszcz,204
2015-12-16,4,2,-1,4,2,-1,100,95,83,1033,1030,1027,6,2,0,19,6,,0.00,7,mgła-deszcz,198
2015-12-17,5,2,-2,3,1,-1,100,90,77,1031,1026,1023,14,8,2,34,18,52,0.25,6,deszcz,213
2015-12-18,7,5,3,6,3,2,100,90,78,1025,1023,1021,19,7,1,26,19,,1.02,7,deszcz,222
2015-12-19,9,7,4,6,4,3,100,92,72,1028,1025,1023,10,5,2,23,11,,0.00,7,mgła-deszcz,224
2015-12-20,9,6,2,5,3,2,100,87,62,1028,1026,1024,14,8,3,29,14,39,0.00,7,,208
2015-12-21,5,3,2,3,2,1,100,87,71,1027,1024,1022,19,10,4,32,23,48,1.02,6,deszcz,224
2015-12-22,11,7,3,7,4,2,93,77,59,1028,1024,1021,19,12,8,32,26,,0.00,5,,223
2015-12-23,13,8,3,6,4,1,93,67,31,1030,1025,1023,31,15,7,29,19,,0.00,4,,225
2015-12-24,9,3,-2,6,2,-2,100,89,60,1033,1029,1026,14,5,0,11,6,,0.00,4,mgła,139
2015-12-25,9,6,2,4,3,1,93,81,64,1031,1028,1025,19,10,3,26,16,,0.00,5,,221
2015-12-26,11,9,6,6,5,4,87,73,56,1029,1026,1024,19,15,10,34,23,,0.00,5,deszcz,224
2015-12-27,10,8,5,5,3,2,87,73,55,1029,1027,1025,31,17,7,26,18,,0.00,,,222
2015-12-28,8,4,1,6,3,-1,93,82,65,1034,1030,1027,14,9,3,21,13,,0.00,5,mgła-deszcz,265
2015-12-29,3,-1,-6,2,-1,-8,93,85,68,1040,1034,1032,19,10,6,26,10,,0.00,7,deszcz,69
2015-12-30,-3,-6,-9,-8,-9,-11,86,74,51,1044,1039,1036,31,14,10,32,14,,0.00,1,,96
2015-12-31,-1,-7,-12,-10,-12,-14,92,67,29,1039,1032,1027,10,8,3,27,10,,0.00,,,119
